DOI,Title,Authors,Journal,Year,Abstract,LitmapsId,Cited By,References,PubMedId,Tags
10.1108/jaar-11-2014-0122,Small business social responsibility: the CSR4UTOOL web application,Laura Corazza,Journal of Applied Accounting Research,2018,"
Purpose
Small and medium-sized enterprises (SMEs) positively represent the backbone of the European economic system and, negatively, they make a significant contribution to environmental pollution and social impacts. The purpose of this paper is to discuss how a new tool for supporting the adoption of small business social responsibility (SBSR) can be tailored in order to be more effective.


Design/methodology/approach
Theoretical framework – a literature analysis of how SMEs address sustainability issues will be discussed, especially the need for SME tools with the following features: quality, materiality, free of charge, anonymous, easy-to-use and easy to understand. This need has been confirmed by the literature of SBSR and also social accounting doctrine. Methodology – this paper analyzes CSR4UTOOL, an applied research project of a web-based application dedicated to SMEs in order to provide a self-assessment on sustainability performances. A technical paper aims to describe a specific development, technique or procedure that is capable of presenting a software tool or an experimental or computational method that should be well-tested and should preferably provide a solution to a problem and have some demonstrable practical values.


Findings
The recent studies over SBSR sustain the need of sustainability management tool for SMEs. A web-based tool co-designed and co-created with SMEs reveals the importance of new tools to support SBSR, especially for the global process of CSR downstreaming using a bottom-up perspective.


Research limitations/implications
Alongside the development of tailored, efficient tools to implement, manage, control and account for such social responsibilities, several authors have described organizational implications, managerial adaptations and practical features of such tools. As a technical paper, the aim of this research is to shed light on the new technology that has been adopted to solve a gap in both the literature and the real economy, and it answers to the specific call for SBSR tools.


Practical implications
CSR4UTOOL is based on a decision tree structure presenting several questions and indicators given by a profound benchmark of the most internationally well-known accountability standards. It translates accounting and non-accounting data as well as qualitative and quantitative data to a powerful source of information for entrepreneurs regarding their ethical and moral managerial conduct. A report on the performance of the company will be generated at the end of each session.


Social implications
This study has a practical social implication as it may concretely help entrepreneurs to self-assess their SBSR. IT technologies may represent a useful way to overcome the specific constraints on SMEs that when they are on track, they may also be more aware of the existent power of formalization in their social and environmental management practices. This kind of tool may help small entrepreneurs to be more aware of the fact that formalization may represent a strategic asset rather than a guarantee of morality.


Originality/value
This paper contributes to the literature by demonstrating how data collection over SBSR may be engineered and tailored using web application and ICT, even in a context of small businesses. This paper further responds to a call from Spence (2016) and Johnson et al. (2016) for interdisciplinary approaches to investigating sustainability in SMEs, the validation and application of existent theories on CSR within the context of SMEs, through foregrounding use of innovative software and web applications.
",670220,18,97,,
10.2139/ssrn.3722973,Green Data or Greenwashing? Do Corporate Carbon Emissions Data Enable Investors to Mitigate Climate Change?,"Vitali Kalesnik, Marco Wilkens, Jonas Zink",Social Science Research Network,2020,"Absent mandatory reporting, and although many companies report their carbon emissions, much of the emissions data are estimated by data providers. As we evaluate the forward-looking carbon scores from several popular data providers, we find no evidence that these scores predict future changes in emissions. Further, we find that data on estimated emissions are at least 2.4 times less effective than reported data in identifying the worst emitters and provide little information to identify green companies in brown sectors. Our results debunk the belief that third-party estimated emissions are a satisfactory substitute for company-reported emissions and call for mandatory and audited carbon emissions disclosure.",4183641,24,16,,
10.1002/csr.2083,Corporate social responsibility and sustainability issues of small- and medium-sized enterprises,"Jaroslav Belás, Gentjan Çera, Ján Dvorský, Martin Cepel",Corporate Social Responsibility and Environmental Management,2021,"Corporate social responsibility (CSR) presents a valuable tool of a better management of enterprises for the benefit of the whole society. Small‐ and medium‐sized enterprises (SMEs) have been facing this challenge for a shorter time than large enterprises. The aim of the article is to evaluate the impact of the CSR indicators on the sustainability of SMEs in Central European (CE) countries. Factors of the sustainability of SMEs are innovative ways to win new markets and retain existing customers, the innovation of our products and services, and lower probability of SMEs' bankruptcy. Linear regression analysis was applied to verify causal relationships. The sample size was constructed of 1,585 SMEs on basis of the questionnaire's answers. The results show that the knowledge of the CSR concept and its assertion in business is the most important CSR indicator with a positive impact on each factor of SMEs' sustainability.",18641023,74,70,,
10.1186/s40991-019-0044-9,Grey zone in – greenwash out. A review of greenwashing research and implications for the voluntary-mandatory transition of CSR,"Lucia Gatti, Peter Seele, Lars Rademacher",International Journal of Corporate Social Responsibility,2019,"As public concern over greenwashing has grown in the last two decades, academic research has increased correspondingly, and there is now a substantial body of research addressing issues related to greenwashing. In this paper, we therefore review and analyze greenwashing research, to provide an evaluation of trends and progress in the field and a synthesis of the empirical and conceptual results presented in existing studies. Our main finding leading to our theory contribution is the criticism raised in greenwashing research that the entirely voluntary CSR (Corporate Social Responsibility) approach facilitates the diffusion of greenwashing. The voluntary idea of CSR is still prevalent in the CSR literature and appears to be a grey-zone that creates space for misleading ‘green’ communication. Consequently, we propose that greenwashing could be better prevented with a combination of voluntary and mandatory aspects. The new paradigm should promote creative and effective corporate CSR initiatives, while at the same time design the limits and the rules for their accomplishments and communication, as firms would risk breaching legislation when overstretching CSR messages.",25620825,232,58,,
10.1145/3340531.3412003,SenticNet 6: Ensemble Application of Symbolic and Subsymbolic AI for Sentiment Analysis,"E. Cambria, Yang Li, Frank Z. Xing, Soujanya Poria, Kenneth Kwok",International Conference on Information and Knowledge Management,2020,"Deep learning has unlocked new paths towards the emulation of the peculiarly-human capability of learning from examples. While this kind of bottom-up learning works well for tasks such as image classification or object detection, it is not as effective when it comes to natural language processing. Communication is much more than learning a sequence of letters and words: it requires a basic understanding of the world and social norms, cultural awareness, commonsense knowledge, etc.; all things that we mostly learn in a top-down manner. In this work, we integrate top-down and bottom-up learning via an ensemble of symbolic and subsymbolic AI tools, which we apply to the interesting problem of polarity detection from text. In particular, we integrate logical reasoning within deep learning architectures to build a new version of SenticNet, a commonsense knowledge base for sentiment analysis.",30726138,455,79,,
10.3390/su13105472,Indicators and Framework for Measuring Industrial Sustainability in Italian Footwear Small and Medium Enterprises,"Azemeraw Tadesse Mengistu, R. Panizzolo",Sustainability,2021,"As small and medium enterprises (SMEs) have limited resources, they need a manageable number of indicators that are simple and easy to use for measuring sustainability performance. However, the lack of suitable indicators tailored to industry needs, particularly for SMEs, has been a major challenge in measuring and managing industrial sustainability. Our study aims to empirically analyze and select the useful and applicable indicators to measure sustainability performance in Italian footwear SMEs. To achieve this objective, we proposed a methodological approach to identify, analyze and select sustainability indicators. First, we carried out a systematic review to identify potential sustainability indicators from the literature. Then, we developed a questionnaire based on the identified indicators and pre-tested it with selected industrial experts, scholars, and researchers to further refine the indicators before collecting data. We applied the fuzzy Delphi method to analyze and select the final indicators. Based on a sample of 48 Italian footwear SMEs, the results of our study show that product quality, material consumption, and customer satisfaction were the top priorities among the selected indicators for measuring the economic, environmental, and social dimensions of industrial sustainability, respectively. The selected indicators stressed the measuring of industrial sustainability performance associated with financial benefits, costs, market competitiveness, resources, customers, employees, and the community. Our study proposed a framework that helps to apply the selected indicators for measuring sustainability performance in SMEs. Finally, our study contributes to the existing theory and knowledge of industrial sustainability performance measurement by providing indicators supported by empirical evidence and a framework to put the indicators into practice in the context of SMEs.",32038853,23,77,,
10.1007/978-3-642-25073-6_10,A clustering-based approach to ontology alignment,"Songyun Duan, Achille Fokoue, Kavitha Srinivas, Brian P. Byrne",Lecture Notes in Computer Science,2011,"Ontology alignment is an important problem for the linked data web, as more and more ontologies and ontology instances get published for specific domains such as government and healthcare. A number of (semi-)automated alignment systems have been proposed in recent years. Most combine a set of similarity functions on lexical, semantic and structural features to align ontologies. Although these functions work well in many cases of ontology alignments, they fail to capture alignments when terms or structure varies vastly across ontologies. In this case, one is forced to rely on manual alignment. In this paper, we study whether it is feasible to re-use such expert provided ontology alignments for new alignment tasks. We focus in particular on many-to-one alignments, where the opportunity for re-use is feasible if alignments are stable. Specifically, we define the notion of a cluster as being made of multiple entities in the source ontology S that are mapped to the same entity in the target ontology τ. We test the stability hypothesis that the formed clusters of source ontology are stable across alignments to different target ontologies. If this hypothesis is valid, the clusters of an ontology S, built from an existing alignment with an ontology τ, can be effectively exploited to align S with a new ontology τ′. Evaluation on both manual and automated high-quality alignments show remarkable stability of clusters across ontology alignments in the financial domain and the healthcare and life sciences domain. Experimental evaluation also demonstrates the effectiveness of utilizing the stability of clusters in improving the alignment process in terms of precision and recall.",39741898,15,28,,
10.1108/jaar-11-2014-0122,Small business social responsibility: the CSR4UTOOL web application,Laura Corazza,Journal of Applied Accounting Research,2018,"
Purpose
Small and medium-sized enterprises (SMEs) positively represent the backbone of the European economic system and, negatively, they make a significant contribution to environmental pollution and social impacts. The purpose of this paper is to discuss how a new tool for supporting the adoption of small business social responsibility (SBSR) can be tailored in order to be more effective.


Design/methodology/approach
Theoretical framework – a literature analysis of how SMEs address sustainability issues will be discussed, especially the need for SME tools with the following features: quality, materiality, free of charge, anonymous, easy-to-use and easy to understand. This need has been confirmed by the literature of SBSR and also social accounting doctrine. Methodology – this paper analyzes CSR4UTOOL, an applied research project of a web-based application dedicated to SMEs in order to provide a self-assessment on sustainability performances. A technical paper aims to describe a specific development, technique or procedure that is capable of presenting a software tool or an experimental or computational method that should be well-tested and should preferably provide a solution to a problem and have some demonstrable practical values.


Findings
The recent studies over SBSR sustain the need of sustainability management tool for SMEs. A web-based tool co-designed and co-created with SMEs reveals the importance of new tools to support SBSR, especially for the global process of CSR downstreaming using a bottom-up perspective.


Research limitations/implications
Alongside the development of tailored, efficient tools to implement, manage, control and account for such social responsibilities, several authors have described organizational implications, managerial adaptations and practical features of such tools. As a technical paper, the aim of this research is to shed light on the new technology that has been adopted to solve a gap in both the literature and the real economy, and it answers to the specific call for SBSR tools.


Practical implications
CSR4UTOOL is based on a decision tree structure presenting several questions and indicators given by a profound benchmark of the most internationally well-known accountability standards. It translates accounting and non-accounting data as well as qualitative and quantitative data to a powerful source of information for entrepreneurs regarding their ethical and moral managerial conduct. A report on the performance of the company will be generated at the end of each session.


Social implications
This study has a practical social implication as it may concretely help entrepreneurs to self-assess their SBSR. IT technologies may represent a useful way to overcome the specific constraints on SMEs that when they are on track, they may also be more aware of the existent power of formalization in their social and environmental management practices. This kind of tool may help small entrepreneurs to be more aware of the fact that formalization may represent a strategic asset rather than a guarantee of morality.


Originality/value
This paper contributes to the literature by demonstrating how data collection over SBSR may be engineered and tailored using web application and ICT, even in a context of small businesses. This paper further responds to a call from Spence (2016) and Johnson et al. (2016) for interdisciplinary approaches to investigating sustainability in SMEs, the validation and application of existent theories on CSR within the context of SMEs, through foregrounding use of innovative software and web applications.
",670220,18,97,,
10.2139/ssrn.3722973,Green Data or Greenwashing? Do Corporate Carbon Emissions Data Enable Investors to Mitigate Climate Change?,"Vitali Kalesnik, Marco Wilkens, Jonas Zink",Social Science Research Network,2020,"Absent mandatory reporting, and although many companies report their carbon emissions, much of the emissions data are estimated by data providers. As we evaluate the forward-looking carbon scores from several popular data providers, we find no evidence that these scores predict future changes in emissions. Further, we find that data on estimated emissions are at least 2.4 times less effective than reported data in identifying the worst emitters and provide little information to identify green companies in brown sectors. Our results debunk the belief that third-party estimated emissions are a satisfactory substitute for company-reported emissions and call for mandatory and audited carbon emissions disclosure.",4183641,24,16,,
10.1002/csr.2083,Corporate social responsibility and sustainability issues of small- and medium-sized enterprises,"Jaroslav Belás, Gentjan Çera, Ján Dvorský, Martin Cepel",Corporate Social Responsibility and Environmental Management,2021,"Corporate social responsibility (CSR) presents a valuable tool of a better management of enterprises for the benefit of the whole society. Small‐ and medium‐sized enterprises (SMEs) have been facing this challenge for a shorter time than large enterprises. The aim of the article is to evaluate the impact of the CSR indicators on the sustainability of SMEs in Central European (CE) countries. Factors of the sustainability of SMEs are innovative ways to win new markets and retain existing customers, the innovation of our products and services, and lower probability of SMEs' bankruptcy. Linear regression analysis was applied to verify causal relationships. The sample size was constructed of 1,585 SMEs on basis of the questionnaire's answers. The results show that the knowledge of the CSR concept and its assertion in business is the most important CSR indicator with a positive impact on each factor of SMEs' sustainability.",18641023,74,70,,
10.1186/s40991-019-0044-9,Grey zone in – greenwash out. A review of greenwashing research and implications for the voluntary-mandatory transition of CSR,"Lucia Gatti, Peter Seele, Lars Rademacher",International Journal of Corporate Social Responsibility,2019,"As public concern over greenwashing has grown in the last two decades, academic research has increased correspondingly, and there is now a substantial body of research addressing issues related to greenwashing. In this paper, we therefore review and analyze greenwashing research, to provide an evaluation of trends and progress in the field and a synthesis of the empirical and conceptual results presented in existing studies. Our main finding leading to our theory contribution is the criticism raised in greenwashing research that the entirely voluntary CSR (Corporate Social Responsibility) approach facilitates the diffusion of greenwashing. The voluntary idea of CSR is still prevalent in the CSR literature and appears to be a grey-zone that creates space for misleading ‘green’ communication. Consequently, we propose that greenwashing could be better prevented with a combination of voluntary and mandatory aspects. The new paradigm should promote creative and effective corporate CSR initiatives, while at the same time design the limits and the rules for their accomplishments and communication, as firms would risk breaching legislation when overstretching CSR messages.",25620825,232,58,,
10.1145/3340531.3412003,SenticNet 6: Ensemble Application of Symbolic and Subsymbolic AI for Sentiment Analysis,"E. Cambria, Yang Li, Frank Z. Xing, Soujanya Poria, Kenneth Kwok",International Conference on Information and Knowledge Management,2020,"Deep learning has unlocked new paths towards the emulation of the peculiarly-human capability of learning from examples. While this kind of bottom-up learning works well for tasks such as image classification or object detection, it is not as effective when it comes to natural language processing. Communication is much more than learning a sequence of letters and words: it requires a basic understanding of the world and social norms, cultural awareness, commonsense knowledge, etc.; all things that we mostly learn in a top-down manner. In this work, we integrate top-down and bottom-up learning via an ensemble of symbolic and subsymbolic AI tools, which we apply to the interesting problem of polarity detection from text. In particular, we integrate logical reasoning within deep learning architectures to build a new version of SenticNet, a commonsense knowledge base for sentiment analysis.",30726138,455,79,,
10.3390/su13105472,Indicators and Framework for Measuring Industrial Sustainability in Italian Footwear Small and Medium Enterprises,"Azemeraw Tadesse Mengistu, R. Panizzolo",Sustainability,2021,"As small and medium enterprises (SMEs) have limited resources, they need a manageable number of indicators that are simple and easy to use for measuring sustainability performance. However, the lack of suitable indicators tailored to industry needs, particularly for SMEs, has been a major challenge in measuring and managing industrial sustainability. Our study aims to empirically analyze and select the useful and applicable indicators to measure sustainability performance in Italian footwear SMEs. To achieve this objective, we proposed a methodological approach to identify, analyze and select sustainability indicators. First, we carried out a systematic review to identify potential sustainability indicators from the literature. Then, we developed a questionnaire based on the identified indicators and pre-tested it with selected industrial experts, scholars, and researchers to further refine the indicators before collecting data. We applied the fuzzy Delphi method to analyze and select the final indicators. Based on a sample of 48 Italian footwear SMEs, the results of our study show that product quality, material consumption, and customer satisfaction were the top priorities among the selected indicators for measuring the economic, environmental, and social dimensions of industrial sustainability, respectively. The selected indicators stressed the measuring of industrial sustainability performance associated with financial benefits, costs, market competitiveness, resources, customers, employees, and the community. Our study proposed a framework that helps to apply the selected indicators for measuring sustainability performance in SMEs. Finally, our study contributes to the existing theory and knowledge of industrial sustainability performance measurement by providing indicators supported by empirical evidence and a framework to put the indicators into practice in the context of SMEs.",32038853,23,77,,
10.1007/978-3-642-25073-6_10,A clustering-based approach to ontology alignment,"Songyun Duan, Achille Fokoue, Kavitha Srinivas, Brian P. Byrne",Lecture Notes in Computer Science,2011,"Ontology alignment is an important problem for the linked data web, as more and more ontologies and ontology instances get published for specific domains such as government and healthcare. A number of (semi-)automated alignment systems have been proposed in recent years. Most combine a set of similarity functions on lexical, semantic and structural features to align ontologies. Although these functions work well in many cases of ontology alignments, they fail to capture alignments when terms or structure varies vastly across ontologies. In this case, one is forced to rely on manual alignment. In this paper, we study whether it is feasible to re-use such expert provided ontology alignments for new alignment tasks. We focus in particular on many-to-one alignments, where the opportunity for re-use is feasible if alignments are stable. Specifically, we define the notion of a cluster as being made of multiple entities in the source ontology S that are mapped to the same entity in the target ontology τ. We test the stability hypothesis that the formed clusters of source ontology are stable across alignments to different target ontologies. If this hypothesis is valid, the clusters of an ontology S, built from an existing alignment with an ontology τ, can be effectively exploited to align S with a new ontology τ′. Evaluation on both manual and automated high-quality alignments show remarkable stability of clusters across ontology alignments in the financial domain and the healthcare and life sciences domain. Experimental evaluation also demonstrates the effectiveness of utilizing the stability of clusters in improving the alignment process in terms of precision and recall.",39741898,15,28,,
10.3390/su12145687,Automated Sustainability Assessment System for Small and Medium Enterprises Reporting,"E. Kassem, O. Trenz",(missing journal),2020,"Sustainability assessment is a mainstream business activity that demonstrates the link between the organization’s strategy for and commitment to a sustainable global economy, and the prevention of economic crises. Small- and medium-sized businesses/enterprises (SMBs/SMEs) have significant effects on the European economy. However, because of a lot of restriction factors, like business risk, the high expenses of data collection and management, and the lack of resources, sustainability reporting is considered a superfluous and burdensome activity for them. The aim of this research is to propose an automated, comprehensive and simplified system for the sustainability assessment of SMEs. This system is achieved by implementing three main phases. The first phase includes key performance indicators design, which starts with the identification of various key performance indicators for comprehensive sustainability assessment, and ends with proposing an optimal set of KPIs (Key Performance Indicators) that can encompass long-term issues and be applicable to SMEs in the EU. The second phase involves a new comprehensive method of sustainability assessment for all KPIs designed in the first phase. Therefore, a multi-criteria model, which involves four main pillars of sustainability assessment (economic, environmental, social and governance), is proposed. It gives different enterprises the ability to verify and compare their efficiency and sustainability with other companies within the same sector in an almost automated manner. In the final phase, a simple and an automated information system (WEBRIS), which provides a suitable environment for SME sustainability reporting, is developed. Finally, this system is verified in a case study of the Czech breweries sector.",56315368,33,57,,
10.3390/su12083456,ESG Scores and the Credit Market,"Ga‐Young Jang, Hyoung-Goo Kang, Ju-Yeong Lee, Kyounghun Bae",Sustainability,2020,"This study analyzes the relationship between Environmental, Social and Governance (ESG) scores and bond returns using the corporate bond data in Korea during the period of 2010 to 2015. We find that ESG scores include valuable information about the downside risk of firms. This effect is particularly salient for the firms with high information asymmetry such as small firms. Interestingly, of the three ESG criteria, only environmental scores show a significant impact on bond returns when interacted with the firm size, suggesting that high environmental scores lower the cost of debt financing for small firms. Finally, ESG is complementary to credit ratings in assessing credit quality as credit ratings cannot explain away ESG effects in predicting future bond returns. This result suggests that credit rating agencies should either integrate ESG scores into their current rating process or produce separate ESG scores which bond investors integrate with the existing credit ratings by themselves.",58367745,83,23,,
10.1109/access.2020.3031217,A Systematic Review on Implicit and Explicit Aspect Extraction in Sentiment Analysis,"Jaafar Zubairu Maitama, Norisma Idris, Asad Abdi, Liyana Shuib, Rosmadi Fauzi",IEEE Access,2020,"Aspect-based sentiment analysis (ABSA) is currently among the most vigorous areas in natural language processing (NLP). Individuals, private and government institutions are increasingly using media sources for decision making. In the last decade, aspect extraction has been the most essential phase of sentiment analysis (SA) to conduct an abridged sentiment classification. However, previous studies on sentiment analysis mostly focused on explicit aspects extraction with limited work on implicit aspects. To the best of our knowledge, this is the first systematic review that covers implicit, explicit, and the combination of both implicit and explicit aspect extractions. Therefore, this systematic review has been conducted to, 1) identify techniques used for extracting implicit, explicit, or both implicit and explicit aspects; 2) analyze the various evaluation metrics, data domains, and languages involved in the implicit and explicit aspect extraction in sentiment analysis from years 2008 to 2019; 3) identify the key challenges associated with the techniques based on the result of a comprehensive comparative analysis; and finally, 4) highlight the feasible opportunities for future research directions. This review can be used to assist novice and prominent researchers to understand the concept of both implicit and explicit aspect extractions in aspect-based sentiment analysis domain.",58467486,52,142,,
10.1002/csr.1350,Environmental reporting: transparency to stakeholders or stakeholders’ manipulation? An analysis of disclosure tone and the role of board of directors,"Claudia Arena, Saverio Bozzolan, Giovanna Michelon",(missing journal),2015,"We study whether environmental reporting serves as a transparency tool to communicate sound environmental policies to stakeholders or rather as a manipulation tool of stakeholders' perceptions. In particular, we focus on the relationship between environmental disclosure tone and future environmental performance and we furthermore explore the role of the board of directors' monitoring and stakeholder orientation in shaping this relationship. Using a sample of 288 US oil and gas firms, we find that the bias towards positive language does not reflect purely opportunistic managerial reasons, but rather is a transparency tool to signal future environmental performance. In addition, we document that the stakeholder orientation of the board plays a transparency role in communicating the firm's superior performance. Our findings contribute to the debate on whether discretionary strategies in environmental reporting are more about increased transparency or about stakeholder manipulation. Moreover, they help investors and policymakers to interpret managers' language choices. Copyright © 2014 John Wiley & Sons, Ltd and ERP Environment.",59608895,240,57,,
10.1007/978-3-030-83650-4_3,Carbonwashing: ESG Data Greenwashing in a Post-Paris World,"Soh Young In, Kim Schumacher",Springer eBooks,2021,"Despite the increased attention and capital incentives around corporate sustainability, the development of sustainability reporting standards and monitoring systems has been progressing at a slow pace. As a result, companies have misaligned incentives to deliberately or selectively communicate information not matched with actual environmental impacts or make largely unsubstantiated promises around future ambitions. These incidents are broadly called “greenwashing,” but there is no clear consensus on its definition and taxonomy. We pay particular attention to the threat of greenwashing concerning carbon emission reductions by coining a new term, “carbonwashing.” Since carbon mitigation is the universal goal, the corporate carbon performance data supply chain is relatively more advanced than that of the entire sustainability data landscape. Nonetheless, the threat of carbonwashing persists, even far more severe than general greenwashing due to the financial values attached to corporate carbon performance. This chapter contextualizes sustainable finance-related carbonwashing via an outline of the communication as well as the measurement, reporting, and verification (MRV) of carbon emission mitigation performance.",60341441,39,25,,
10.15373/2249555x/mar2014/20,Greenwashing: The Darker Side Of CSr,"Priyanka Aggarwal, Aarti Kadyan",(missing journal),2011,"Greenwashing is a practice followed by organisations in which unsubstantiated or misleading claims are made of the environmental and social attributes of a product, service or the company as a brand. Greenwashing practice is adopted to make the company look more environment-friendly than it actually is, by spending more money, time and efforts on marketing its products as ‘green’, rather than actually minimizing its adverse impact on the environment. This paper studies the green marketing practices of certain selected companies belonging to four sectors Automobile, Electronics, Food & Beverages and Personal Care Sector, through analysis of their advertisements, company websites and sustainability reports. The main objective of the paper is to identify the extent of green washing done by the companies and to rate their environmental claims on the weighted scale of 1 to 5. Further, this paper correlates the greenwashing score with the overall CSR score, along with cross-sector analysis of their greenwashing scores. The paper finds that even the companies with a high overall CSR score are involved in some form of greenwashing practices. The authors also suggest ways and means for companies to avoid greenwashing, for consumers to spot it and for regulators to curb it. INTrODUCTION Environmental Sustainability is currently a burning issue worldwide. It has become a major cause of concern for governments, corporates and individuals. The rapid globalisation and industrialisation in the past few decades have significantly contributed towards environmental degradation in the form of pollution, greenhouse gas emissions, ozone depletion, global warming etc. Brundtland (1987) defined sustainable development as– “development that meets the needs of the present generation without compromising the ability of future generations to meet their own needs.” The consumers, investors and other stakeholders are increasingly becoming conscious about environment and society. They keep environmental and social considerations in mind while taking buying and investment decisions. Thus the companies are under a constant pressure to perform well on these grounds and to think beyond profits. Corporate social responsibility means that the organisations should be accountable towards all the stakeholders including consumers, investors, environment, employees, community, government and public at large. They should align their operations and decisions in accordance with the expectations of stakeholders (ISO 26000). There is a growing trend among companies to adopt “go green” strategy in order to gain an edge over their competitors. Therefore, the concepts of green marketing and sustainability reporting have become significant. According to Global Reporting Initiative (2011) “Sustainability reporting is the practice of measuring, disclosing, and being accountable to internal and external stakeholders for organizational performance towards the goal of sustainable development”. Green marketing is a holistic marketing phenomenon used by an organisation to promote the environment-friendly image of its products and the organisation as a whole. It encompasses innovation and modification in product development, manufacturing, packaging and advertising. Green marketing is used as a weapon by companies to compete in the global market.In today’s age of sustainability it is often said that “green is the new black”. The practice of green marketing is being misused by companies in order to build their false green brand image in the eyes of consumers and investors. This is nothing but greenwashing. According to Greenpeace (www.stopgreenwash.org) – “greenwashing is the act of misleading consumers regarding the environmental practices of a company or the environmental benefits of a product or service.”It involves use of deceptive and manipulative sustainable claims by companies to portray a superficial eco-friendly image than it actually is, by investing more resources on marketing its products as ‘green’ rather than actually minimizing its adverse impact on the environment. Delmas and Cuerel Burbano (2011) classified the drivers of greenwashing into market, non-market, organisational and individual drivers. These are shown in Figure 1 below. Source: Delmas and Cuerel Burbano (2011) Figure 1 – Drivers of Greenwashing In this paper, we analyse the greenwashing practices of select popular companies. The following sections describe greenwashing practices, regulations & certifications, review of literature, objectives of study, hypotheses, research methodology, results, recommendations, limitations and scope for further research. GrEENWASHING PrACTICES The environmental consciousness among the consumers and companies has its origin in mid 1960’s which led to the adoption of green marketing strategies by companies worldwide. The environmental disasters such as Bhopal gas tragedy (1984), Chernobyl nuclear power-plant disaster (1986), Exxon Valdez oil spill (1989), etc. prompted the companies to prac-",71074444,61,11,,
10.4324/9780429426377-2-2,Research on small and medium-sized enterprises and sustainability,"Aharon Factor, John P. Ulhøi, Norma R. A. Romm",Routledge eBooks,2021,"Having set the scene and established some bridging points between business and sustainability, this chapter presents a strong case as to why the focus of this book should be on small and medium-sized enterprises (SMEs). While multinational enterprises (MNEs) have been highly visible under the environmental radar, and accordingly under increasing public scrutiny regarding their sustainability impacts, the SMEs have not been much in focus. In total, the effect of the roughly 400 million SMEs are critical to shaping a sustainable planet and, therefore, should not be overlooked. The chapter discusses environmental responsibility in relation to SMEs. The chapter concludes that society cannot afford not to pose the same environmental responsibility to SMEs as is being done to large enterprises. In doing so, however, it is vital, that it be recognised that SMEs are structurally, economically and culturally different.",81499923,1,1,,
10.2139/ssrn.4229146,ClimateBert: A Pretrained Language Model for Climate-Related Text,"Nicolas Webersinke, Mathias Kraus, J. Bingler, Markus Leippold",Social Science Research Network,2021,"Over the recent years, large pretrained language models (LM) have revolutionized the field of natural language processing (NLP). However, while pretraining on general language has been shown to work very well for common language, it has been observed that niche language poses problems. In particular, climate-related texts include specific language that common LMs can not represent accurately. We argue that this shortcoming of today's LMs limits the applicability of modern NLP to the broad field of text processing of climate-related texts. As a remedy, we propose CLIMATEBERT, a transformer-based language model that is further pretrained on over 2 million paragraphs of climate-related texts, crawled from various sources such as common news, research articles, and climate reporting of companies. We find that CLIMATEBERT leads to a 48% improvement on a masked language model objective which, in turn, leads to lowering error rates by 3.57% to 35.71% for various climate-related downstream tasks like text classification, sentiment analysis, and fact-checking.",88594505,184,36,,
10.1007/s11156-016-0582-0,Application of multi-level matching between financial performance and corporate social responsibility in the banking industry,"Meng-Wen Wu, Chung-Hua Shen, Ting-Hsuan Chen",Review of Quantitative Finance and Accounting,2017,"This study applies a new matching method to examine the old yet debatable idea that high corporate social responsibility (CSR) is associated with improved bank financial performance (FP). The conventional matching method focuses on one treatment effect. Thus, the old method is considered inappropriate when banks exhibit various degrees of CSR. To address this problem, we first apply the new multi-level matching method to multi-degree CSR and therefore contribute to studies that consider multi-degree CSR without adopting a multi-level matching method. We propose that “the more CSR, the better the FP,” which implies that banks engaged in more CSR exhibit better FP. Results before and after the matching significantly differ. CSR insignificantly influences bank FP before matching, but CSR has a strongly positive influence on bank FP after matching. Such effect on bank FP is further strengthened when banks increase their CSR activities, which supports our argument.",110337649,62,78,,
10.18653/v1/2021.emnlp-main.726,Aspect Sentiment Quad Prediction as Paraphrase Generation,"Wenxuan Zhang, Yang Deng, Xin Li, Yifei Yuan, Lidong Bing, Wai Lam",arXiv (Cornell University),2021,"Aspect-based sentiment analysis (ABSA) has been extensively studied in recent years, which typically involves four fundamental sentiment elements, including the aspect category, aspect term, opinion term, and sentiment polarity. Existing studies usually consider the detection of partial sentiment elements, instead of predicting the four elements in one shot. In this work, we introduce the Aspect Sentiment Quad Prediction (ASQP) task, aiming to jointly detect all sentiment elements in quads for a given opinionated sentence, which can reveal a more comprehensive and complete aspect-level sentiment structure. We further propose a novel Paraphrase modeling paradigm to cast the ASQP task to a paraphrase generation process. On one hand, the generation formulation allows solving ASQP in an end-to-end manner, alleviating the potential error propagation in the pipeline solution. On the other hand, the semantics of the sentiment elements can be fully exploited by learning to generate them in the natural language form. Extensive experiments on benchmark datasets show the superiority of our proposed method and the capacity of cross-task transfer with the proposed unified Paraphrase modeling framework.",111424578,186,48,,
10.1038/s41430-022-01075-9,"The time is ripe for ESG + Nutrition: evidence-based nutrition metrics for Environmental, Social, and Governance (ESG) investing","Meghan O’Hearn, Suzannah Gerber, Sylara Marie Cruz, D. Mozaffarian",European Journal of Clinical Nutrition,2022,"The globe faces a nutrition crisis. Suboptimal diet is the leading cause of poor health worldwide, with devastating social, environmental, equity, and economic consequences [1]. In poor diet quality was estimated to cause 12 million deaths due to non-communicable diseases (NCDs) globally [1]. In the US, treatment of cardiovascular diseases, diabetes, and cancers accounted for 1 in 4 dollars in healthcare — and 18% higher spending than in 2009 [2]. Solutions to address the global health and economic burdens of nutrition-related disease must re-imagine and reform the food system – including new approaches to in ﬂ uence the private sector, which plays a critical role in supplying and in ﬂ uencing food choices, nutrition, and health outcomes of consumers. Among different levers, investors – including institutional investors, family of ﬁ ces, and venture capital – are powerful and underutilized stakeholders for stimulating change. The rise of Environmental, Social, and Governance (ESG) investing presents a remarkable new opportunity to align ﬁ nancial returns with bene ﬁ ts for society and the planet. This paradigm shift recognizes that long-term ﬁ nancial performance is directly linked to environmental and societal impact [3]. From 2012 to 2020, the value of global ESG-driven assets tripled to $40.5 trillion [4], and now represents nearly half of the world ’ s ﬁ nancial assets under management. Businesses have taken note. In 2021, 60 top global businesses committed to publicly supporting and reporting on a common set of Stakeholder Capitalism Metrics for ESG reporting [5]. And, at the 2021 UN Climate Change Conference (COP26), The International Financial Reporting Standards (IFRS) Foundation announced a new International Sustainability Standards Board to develop, consolidate,",128433420,27,8,,
10.1007/s10115-010-0370-4,On ontology-driven document clustering using core semantic features,"Samah Jamal Fodeh, Bill Punch, Pang-Ning Tan",Knowledge and Information Systems,2011,"Incorporating semantic knowledge from an ontology into document clustering is an important but challenging problem. While numerous methods have been developed, the value of using such an ontology is still not clear. We show in this paper that an ontology can be used to greatly reduce the number of features needed to do document clustering. Our hypothesis is that polysemous and synonymous nouns are both relatively prevalent and fundamentally important for document cluster formation. We show that nouns can be efficiently identified in documents and that this alone provides improved clustering. We next show the importance of the polysemous and synonymous nouns in clustering and develop a unique approach that allows us to measure the information gain in disambiguating these nouns in an unsupervised learning setting. In so doing, we can identify a core subset of semantic features that represent a text corpus. Empirical results show that by using core semantic features for clustering, one can reduce the number of features by 90% or more and still produce clusters that capture the main themes in a text corpus.",131360891,109,43,,
10.1111/jifm.12156,"Be good to be wise: Environmental, Social, and Governance awareness as a potential credit risk mitigation factor","Marina Brogi, Valentina Lagasio, Pasqualina Porretta",Journal of International Financial Management and Accounting,2022,"Integrating Environmental, Social, and Governance (ESG) factors into credit risk assessment is the new frontier for credit risk management as regulators and investors increasingly require banks to channel loans to “sustainable” borrowers and ultimately foster sustainable growth. Our findings show that higher ESG awareness is strongly associated with better creditworthiness (proxied by the Altman Z-score). We apply a two-step methodology to 3331 companies from various industries and geographies in the 2000–2016 period which reveals that high ESG awareness scores are strongly and very significantly associated with a reduction in firm credit risk. We check the robustness by using the Probability of Default as a dependent variable and an instrumental variable constructed with a factor analysis. Our results support the appropriateness of the introduction of ESG awareness parameters in the creditworthiness assessment of borrowers.",134910077,83,20,,
10.1145/3375627.3375843,Balancing the Tradeoff Between Clustering Value and Interpretability,"Sandhya Saisubramanian, Sainyam Galhotra, Shlomo Zilberstein","AAAI/ACM Conference on AI, Ethics, and Society",2020,"Graph clustering groups entities -- the vertices of a graph -- based on their similarity, typically using a complex distance function over a large number of features. Successful integration of clustering approaches in automated decision-support systems hinges on the interpretability of the resulting clusters. This paper addresses the problem of generating interpretable clusters, given features of interest that signify interpretability to an end-user, by optimizing interpretability in addition to common clustering objectives. We propose a β-interpretable clustering algorithm that ensures that at least β fraction of nodes in each cluster share the same feature value. The tunable parameter β is user-specified. We also present a more efficient algorithm for scenarios with β\!=\!1$ and analyze the theoretical guarantees of the two algorithms. Finally, we empirically demonstrate the benefits of our approaches in generating interpretable clusters using four real-world datasets. The interpretability of the clusters is complemented by generating simple explanations denoting the feature values of the nodes in the clusters, using frequent pattern mining.",141276339,48,23,,
10.3390/su132212364,Multi-Stakeholder Impact Environmental Indexes: The Case of NeXt,"L. Becchetti, Maristella Cacciapaglia, P. Morone, Luca Raffaele, Lorenzo Semplici",Sustainability,2021,"The design of proper environmental and social indicators is one of the most critical challenges when monitoring and implementing corporate and government policy measures toward ecological transitions and sustainable development. In our paper we outline and discuss the characteristics of a new vintage of “living” multi-stakeholder community-based indicators based on the principles of self-evaluation, dialogue and simplification with a specific focus on the NeXt index. We explain the main differences between them and the opposite extreme of static expert-based indicators, how they integrate firm-level scores with compliance with macro multidimensional wellbeing indicators (such as the UN Sustainable Development Goals) and how they complement with ongoing regulatory standards currently under development. As well, we discuss caveats, policy implications and impact in terms of subjective wellbeing.",142011875,3,43,,
10.48550/arxiv.2509.10922,Aligning ESG Controversy Data with International Guidelines through Semi-Automatic Ontology Construction,"Tsuyoshi Iwata, Guillaume Comte, Melissa Flores, Ryoma Kondo, Ryohei Hisano",arXiv.org,2025,"The growing importance of environmental, social, and governance data in regulatory and investment contexts has increased the need for accurate, interpretable, and internationally aligned representations of non-financial risks, particularly those reported in unstructured news sources. However, aligning such controversy-related data with principle-based normative frameworks, such as the United Nations Global Compact or Sustainable Development Goals, presents significant challenges. These frameworks are typically expressed in abstract language, lack standardized taxonomies, and differ from the proprietary classification systems used by commercial data providers. In this paper, we present a semi-automatic method for constructing structured knowledge representations of environmental, social, and governance events reported in the news. Our approach uses lightweight ontology design, formal pattern modeling, and large language models to convert normative principles into reusable templates expressed in the Resource Description Framework. These templates are used to extract relevant information from news content and populate a structured knowledge graph that links reported incidents to specific framework principles. The result is a scalable and transparent framework for identifying and interpreting non-compliance with international sustainability guidelines.",291157510,0,13,,
10.48550/arxiv.2504.19066,ClimaEmpact: Domain-Aligned Small Language Models and Datasets for Extreme Weather Analytics,"Deeksha Varshney, Keane Ong, Rui Mao, Erik Cambria, G. Mengaldo",arXiv.org,2025,"Accurate assessments of extreme weather events are vital for research and policy, yet localized and granular data remain scarce in many parts of the world. This data gap limits our ability to analyze potential outcomes and implications of extreme weather events, hindering effective decision-making. Large Language Models (LLMs) can process vast amounts of unstructured text data, extract meaningful insights, and generate detailed assessments by synthesizing information from multiple sources. Furthermore, LLMs can seamlessly transfer their general language understanding to smaller models, enabling these models to retain key knowledge while being fine-tuned for specific tasks. In this paper, we propose Extreme Weather Reasoning-Aware Alignment (EWRA), a method that enhances small language models (SLMs) by incorporating structured reasoning paths derived from LLMs, and ExtremeWeatherNews, a large dataset of extreme weather event-related news articles. EWRA and ExtremeWeatherNews together form the overall framework, ClimaEmpact, that focuses on addressing three critical extreme-weather tasks: categorization of tangible vulnerabilities/impacts, topic labeling, and emotion analysis. By aligning SLMs with advanced reasoning strategies on ExtremeWeatherNews (and its derived dataset ExtremeAlign used specifically for SLM alignment), EWRA improves the SLMs' ability to generate well-grounded and domain-specific responses for extreme weather analytics. Our results show that the approach proposed guides SLMs to output domain-aligned responses, surpassing the performance of task-specific models and offering enhanced real-world applicability for extreme weather analytics.",286798549,1,47,,
10.48550/arxiv.2502.15821,Towards Robust ESG Analysis Against Greenwashing Risks: Aspect-Action Analysis with Cross-Category Generalization,"Keane Ong, Rui Mao, Deeksha Varshney, Erik Cambria, G. Mengaldo",arXiv.org,2025,"Sustainability reports are key for evaluating companies' environmental, social and governance, ESG performance, but their content is increasingly obscured by greenwashing - sustainability claims that are misleading, exaggerated, and fabricated. Yet, existing NLP approaches for ESG analysis lack robustness against greenwashing risks, often extracting insights that reflect misleading or exaggerated sustainability claims rather than objective ESG performance. To bridge this gap, we introduce A3CG - Aspect-Action Analysis with Cross-Category Generalization, as a novel dataset to improve the robustness of ESG analysis amid the prevalence of greenwashing. By explicitly linking sustainability aspects with their associated actions, A3CG facilitates a more fine-grained and transparent evaluation of sustainability claims, ensuring that insights are grounded in verifiable actions rather than vague or misleading rhetoric. Additionally, A3CG emphasizes cross-category generalization. This ensures robust model performance in aspect-action analysis even when companies change their reports to selectively favor certain sustainability areas. Through experiments on A3CG, we analyze state-of-the-art supervised models and LLMs, uncovering their limitations and outlining key directions for future research.",284950697,3,42,,
10.52783/jisem.v10i3.5278,Credit Risk Identification and Prevention Strategies in Small and Medium Banks Using Big Data Techniques,G. Muthugurunathan,Journal of Information Systems Engineering & Management,2025,"One of the most important problems small and medium-sized banks directly confronts affecting financial stability and profitability is credit risk. But, outmoded analytical models and insufficient data availability cause conventional credit risk assessment methods to fall short in some areas. Conversely, the large data approaches provide fresh possibilities to support credit risk identification and preventative actions. This study investigates the possible uses of big data analytics to enhance risk assessment in small and medium banks. Combining structured and unstructured data from many sources, banks could discover that it helps them build more dynamic risk models properly reflecting evolving circumstances. Among the key methods discussed are: decision trees, neural networks, NLP, anomaly detection algorithms to find high-risk borrowers. Combining structured and unstructured data from many sources might help banks build more dynamic risk models that properly represent evolving circumstances.. Some of the main approaches addressed are: decision trees, neural networks, NLP, anomaly detection algorithms to identify high-risk borrowers. Hence, the effectiveness of this hybrid model is precisely tested using objective measures namely Structural Similarity Index Measure (SSIM), Peak Signal-to-Noise Ratio (PSNR), and Mean Squared Error (MSE). This indicated that the proposed hybrid model yields outstanding performance as compared to other image enhancement techniques with PSNR=38.76, SSIM=98.6, MSE=0001.Interesting, the proposed hybrid image enhancement model can outperform other techniques. This further emphasizes the benefit of the model to retain key elements of the image while eliminating the noise in the image and enhancing the general quality of the image. This research presents a novel concept of feature extraction and parameter tuning that can be a base for establishing hybrid networks in medical image improvement. In this manner, the proposed methodology is beneficial in closing the gap between intricate recognition methods and real medical imaging implementations that serve to enhance diagnostic accuracy and speed in the medical field.",286060844,0,27,,
10.1108/tqm-10-2024-0396,The impact of supply chain management efficiency on credit rating quality: the moderating role of economic policy uncertainty,"Arash Arianpoor, Ahmad Abdollahi",The TQM Journal,2025,"
 
 The present study explores the effect of supply chain management efficiency (SCME) on credit rating quality (CRQ) and the moderating role of economic policy uncertainty (EPU) in firms listed on the Tehran Stock Exchange (TSE).
 
 
 
 A total number of 1,910 firm-year observations of 191 firms from 2014 to 2023 were examined. The SCME was calculated using the sales per Inventory Ratio. The CRQ was established using the Technique for Order of Preference via the Similarity to the Ideal Solution (TOPSIS) method grounded in entropy. EPU is obtained considering the elements of economic growth and inflation rates.
 
 
 
 The findings showed that SCME had a significant and positive effect on CRQ. EPU significantly moderates the impact of SCME on CRQ. Moreover, the three-way interaction (SCME, EPU, and firm size) yields a significantly negative coefficient, suggesting that the moderating effect of EPU on the SCME–CRQ relationship increases with an increase in firm size.
 
 
 
 This study provides evidence that metrics such as SCME can act as reliable indicators of CRQ, particularly in institutional contexts with underdeveloped credit rating systems. Furthermore, it introduces an innovative empirical framework that simultaneously examines SCME and EPU as key drivers of CRQ. This integrative approach advances beyond conventional models that independently evaluate supply chain performance or policy uncertainty, offering a more comprehensive perspective on the dynamics of creditworthiness.
",293102924,0,62,,
10.18267/j.pep.898,Do Machine Learning Techniques Outperform Autoregressive Distributed Lag Models in Inflation Forecasting?,"Bogdan Oancea, Mihaela Simionescu, Richard Pospisil",Prague Economic Papers,2025,(missing abstract),296258711,0,46,,
10.1177/14727978251352155,Comparative study on credit risk assessment models for the new energy vehicle industry—predictive analytics using Logit models and BP neural networks based on composite versus single-factor indicator systems,Si‐Yi Chen,Journal of Computational Methods in Sciences and Engineering,2025,"The new energy vehicle (NEV) industry urgently requires tailored credit assessment frameworks to address its nonlinear risk characteristics, driven by rapid technological iterations and policy dependency. This study selects 46 listed companies in the NEV supply chain (2019–2023) as samples, innovatively integrating multi-source data including financial metrics, textual tone analysis of annual reports, and ESG ratings. A three-dimensional composite indicator system (“financial robustness–strategic credibility–environmental resilience”) is developed to compare the predictive performance of Logit models and backpropagation (BP) neural networks in estimating corporate default probabilities. Empirical findings reveal: (1) Under the composite indicator system, the BP neural network achieves 81.7% default prediction accuracy, significantly outperforming the Logit model (72.4%), with a 32-percentage-point improvement in identifying defaulted entities; (2) Using single financial indicators, the BP network maintains superiority (58.3% overall accuracy vs 48.3% for Logit), validating its capacity to capture complex risk features; (3) The composite system enhances prediction accuracy by 23.4% (BP) and 24.1% (Logit) compared to single indicators, demonstrating the early-warning value of non-financial metrics. These results suggest that the synergistic application of multi-source composite indicators and BP neural networks substantially improves the precision of dynamic credit risk assessment in the NEV sector, offering methodological support for differentiated financial services and regulatory oversight.",287916945,0,36,,
10.1371/journal.pone.0336217,Financial text analysis and credit risk assessment using a GPT-4 and improved BERT fusion model,"Huirong Tan, Yanruixue Xie",PLoS ONE,2025,"This study aims to improve the identification of potential credit risks in unstructured financial texts. It addresses the core problem of financial text analysis and credit risk assessment by proposing a hybrid model that combines the generative semantic understanding of Generative Pre-trained Transformer-4 (GPT-4) with the enhanced feature extraction of Bidirectional Encoder Representations from Transformers (BERT). To overcome the limitations of traditional methods—such as weak contextual reasoning in long texts, insufficient recognition of industry-specific terminology, and implicit credit risk expressions—the model incorporates a financial dictionary enhancement module and a named entity recognition (NER) component. GPT-4 is leveraged for prompt-based generation to extract latent risk information from complex texts, including annual reports. A dual-model semantic fusion mechanism with attention weighting constructs a multi-level risk assessment system that integrates contextual understanding, industry adaptability, and interpretability. Experiments on multiple publicly available financial datasets and real-world annual reports demonstrate the model’s effectiveness. Results show that the proposed approach outperforms representative baseline models in accuracy, adaptability, and interpretability. This work carries both theoretical and practical significance for research at the intersection of financial technology and natural language processing.",293041810,0,25,,
10.62177/apemr.v2i5.619,Research on the Current State of Supply Chain Finance: CiteSpace-Based Analysis and Bibliometric Analysis,"Shuang Wang, Zheng He",Deleted Journal,2025,"In order to explore the current research status of supply chain finance and its development trend, this study uses CiteSpace software and bibliometric methods to visualise and analyse the core journal literature in Chinese and English for the period from 2008 to 2024, and combines bibliometric and knowledge graph analysis methods. The results of the study show that the research attention continues to rise, and the research hotspots gradually shift from basic theories to innovative applications, such as blockchain and fintech. The focus of domestic and foreign research is different, with domestic research focusing more on SME financing issues, while foreign research focuses more on operational decision-making. In addition, research cooperation is insufficient, and cross-regional and cross-institutional cooperation needs to be strengthened. Future research should deepen ecosystem research, promote technological innovation and application, strengthen internationalization research, explore inclusive applications, and focus on the combination of policy and practice to promote the wide application of supply chain finance in the real economy.",291000898,0,12,,
10.1016/j.gfj.2025.101177,Watchdogs of greenwashing: The role of long-term institutional cross-ownership,"Yin Wenjing, G.W Wang, Yumiao Yu",Global Finance Journal,2025,(missing abstract),290581790,0,87,,
10.1002/bse.4336,Bridging the ESG Credibility Gap: The Role of Institutional Investors in Mitigating ESG Decoupling,"C. Cepêda, A. Monteiro, Beatriz Aibar‐Guzmán",Business Strategy and the Environment,2025,"Because of their capacity for sustained and informed monitoring, institutional investors are uniquely positioned to enhance corporate transparency and mitigate ESG decoupling, the gap between corporate sustainability rhetoric and reality. This study examines whether and under what circumstances institutional ownership contributes to aligning ESG disclosure with actual sustainability performance. Analysing an international sample of 3465 listed companies (13,488 firm‐year observations) from 2009 to 2023, we find that institutional investors play a crucial role in reducing ESG decoupling. However, this effect depends on their investment horizon: long‐term institutional investors mitigate ESG decoupling, whereas short‐term institutional investors exacerbate it. These findings contribute to the corporate governance and sustainability literature by showing that institutional investors are not a homogeneous group and that their monitoring effectiveness varies depending on their investment horizon. From a practical perspective, our results highlight the need for regulatory initiatives that incentivise long‐term institutional engagement and more stringent ESG reporting requirements to curb opportunistic disclosure practices.",286934932,4,104,,
10.1002/sd.3388,The Impact of Sustainability Disclosure on Firm Value in the Energy Sector of BRICS Economies: The Holistic Approach of GRI Guidelines,"Farhan Hussain, Zhifang Zhou, Hussain Abbas, Didier-Robert Dusengemungu",Sustainable Development,2025,"Sustainability disclosure is a key concern for the corporate sector in terms of safeguarding nature and preserving long‐term trust. This research investigates the impact of 20 comprehensive sustainability dimensions on the performance of energy firms in BRICS economies. The data were collected through content analysis, guided by the Global Reporting Initiative (GRI) farmwork, and analysis with the generalized method of moments (GMM) to ensure robustness. The findings show a significant relationship between environmental disclosure and firm value. Furthermore, the study highlights the importance of social and economic disclosures in developing economies driven by industry‐specific challenges, climate risks, and stakeholder demands. In addition, companies with high sustainability disclosure enhance legitimacy by gaining advantages from effective management and governmental support. BRICS governments and corporations promote sustainability through impactful interventions aligned with GRI guidelines.",284770800,0,57,,
10.1016/j.sftr.2025.100624,"DO AS I SAY, NOT AS I DO: EFFECTS OF NATIONAL INSTITUTIONS ON CORPORATE GREENWASHING","Alan Bandeira Pinheiro, Nágela Bianca do Prado, Patrícia Fernanda Dionízio Leite",Sustainable Futures,2025,(missing abstract),286391371,1,55,,
10.3389/fpubh.2025.1587028,Can the Marketing Authorisation Holder system improve the ESG performance of pharmaceutical manufacturers?,Jiajing Li,Frontiers in Public Health,2025,"Introduction The Marketing Authorisation Holder (MAH) system is an advanced drug registration mechanism widely adopted globally Nevertheless, there is a scarcity of in-depth empirical investigations concerning MAH within the context of pharmaceutical manufacturing enterprises. Methods This research endeavors to investigate the influence of MAH on the environmental, social and corporate governance (ESG) performance of companies through the application of the difference-in-differences model, leveraging firm data from China’s A-share-listed pharmaceutical manufacturing sector spanning from 2012 to 2019. Results First, MAH markedly enhances the ESG performance of pharmaceutical manufacturing entities. Secondly, MAH impacts firms’ ESG performance via three pathways, namely, boosting research and development (R & D) investment, diminishing the internal pay disparity, and lowering supply chain concentration. Thirdly, the effect of MAH on firms’ ESG performance is more pronounced in non-state-owned firms, those with elevated management shareholding, and firms with enhanced internal control levels. Furthermore, this study ascertained that MAH exerted no influence on firm ESG variance and real earnings management. Discussion The results offer actionable policy recommendations for refining the MAH system and promoting the sustainable development of pharmaceutical manufacturing firms. This study not only expands the research boundary of the economic consequences of the MAH system, but also affirms the key role of institutional innovation in the sustainable development of enterprises.",288247695,0,49,,
10.1016/j.techfore.2025.124457,Green supply chain management and ESG rating divergence: A quasi-natural experiment in China,"Chun Guo, Jingbo Luo",Technological Forecasting and Social Change,2025,(missing abstract),294239137,0,81,,
10.1016/j.eap.2025.09.014,"The green shield: Intellectual property protection and corporate greenwashing in environmental, social, and governance","Zixuan Zhang, Shanming Jia, Pengzhen Liu, L. D. Liu",Economic Analysis and Policy,2025,(missing abstract),290790710,0,93,,
10.1016/j.ribaf.2025.103090,Customer concentration and corporate greenwashing,"Yufen Wei, Jinghua Tang, Hongbo He, Chanjun Wu, Muyangzi Lin, Haonan Xie",Research in International Business and Finance,2025,(missing abstract),289932776,1,163,,
10.69725/jies.v1i4.251,Islamic Sharia Signaling and Ex-Ante Determinants of IPO Initial Returns,Abdul Karim,Journal International Economic Sharia,2025,"Objective; This paper examines the effect of ex-ante determinants on IPO initial returns and the moderating effect of Shariah compliance. The study combines ethical finance and well-known IPO models to shed new light on under pricing mechanisms.Methods; The study uses a quantitate method of secondary data from IPO prospectus, governance report and financial database. Hypotheses were tested with multiple regression analysis and moderated regression analysis (MRA) and were further supplemented with other robustness checks, and hierarchical regression to establish validity.Results; Results show that market sentiment, oversubscription, certification signals, governance characteristics, and offering attributes form significant determinants of IPO initial return. Moreover, by requiring Shariah compliance, the informational content of these factors is enhanced, investor confidence is increased and speculative perceptions are decreased. The moderator of Shariah compliance mostly amplifies demand-side, certification, governance, and offering effects, albeit to a lesser extent.Novelty; This research is one of the early studies to systematically include Shariah compliance as a moderating variable in IPO research. It combines signaling and certification theories with ethical finance principles, thus connects traditional IPO literature with Islamic and sustainable finance.Research Implication; Practical Implication: Will also provide any investors who are looking for social responsible investments and also the regulators, who wanted to embed ethical terms in the governance of the capital market at world level.The originality of review: This study will contribute to academic theory by further an extention from an imformation symptomy perspective with ethical finance M and suggesting practical advice.",291138547,0,22,,
10.22495/cgsrv9i3sip5,"The limited influence of institutional ownership on environmental, social, governance, and financial outcomes","Gentiga Muhammad Zairin, Thien Sang Lim, Hera Khairunnisa, Dwi Kismayanti Respati, Ayatulloh Michael Musyaffi, Septi Nurmalita, Wong Chee Hoo",Corporate Governance and Sustainability Review,2025,"The increasing global emphasis on environmental, social, and governance (ESG) practices has highlighted the critical role of institutional investors in shaping corporate sustainability strategies. Institutional investors, due to their significant ownership stakes and governance expertise, act as catalysts for enhancing ESG performance through shareholder activism (Velte, 2020; Wang, 2023). However, their influence varies significantly across contexts, particularly in emerging markets like Indonesia, where ESG disclosure remains largely voluntary and regulatory frameworks are still evolving (Ellili, 2022; Lubis &amp; Rokhim, 2021). This study investigates the relationship between institutional ownership, ESG performance, and financial outcomes in Indonesian listed companies. Using a quantitative approach, it analyzes 705 non-financial firms listed on the Indonesia Stock Exchange (IDX) in 2022. The findings reveal that institutional ownership does not significantly influence ESG performance. This may suggest that institutional investors prioritize short-term gains over long-term sustainability and that their influence can be moderated by regulatory and firm-level factors. However, ESG performance is positively associated with financial performance. Despite this, ESG does not significantly moderate the relationship between institutional ownership and financial outcomes. These results indicate that attracting institutional investors may not automatically translate into better ESG practices or improved financial outcomes. To the best of our knowledge, this study provides the first empirical insight into the complex interaction between institutional ownership, ESG, and financial outcomes within the Indonesian capital market, expanding the literature on sustainable finance in emerging markets.",291457069,1,68,,
10.3390/systems13100848,Does Profitability Support Sustainability? Examining the Influence of Financial Performance and ESG Controversies on ESG Ratings,"Francisco Carreira, A. Silva, C. Cepêda",Systems,2025,"This study explores the relationship between corporate financial performance and ESG, reporting performance across all three ESG pillars: Environmental, Social, and Governance. We used a robust panel dataset of over 28,274 firm-year observations from listed companies worldwide (covering 2019–2023), combining financial metrics and ESG performance scores from the Refinitiv database. Panel regression results indicate that more profitable firms (measured by Net Income and Return on Assets (ROA)) exhibit statistically significant higher ESG performance across all three pillars, reinforcing the view that financial strength supports more comprehensive sustainability efforts. By contrast, firms with more ESG controversies attain significantly lower ESG scores, suggesting that incidents of misconduct or governance failures undermine sustainability reporting credibility. These findings contribute to the literature by empirically validating the dual role of financial success and reputational risk in shaping ESG performance. This study also offers practical insights for regulators, investors, and corporate managers. Strong profitability can facilitate improved ESG transparency, whereas proactive measures and stricter oversight are needed to address controversies, enhance accountability, and mitigate greenwashing.",292135943,0,42,,
10.1002/bse.70525,Navigating the ESG Paradox: Strategic Pathways Between Innovation and Washing Under Stakeholder Scrutiny,"Min‐Jae Lee, Anna Yu. Pak, Donghwi Seo, Taewoo Roh",Business Strategy and the Environment,2026,"ABSTRACT As firms increasingly incorporate environmental, social, and governance (ESG) concerns into their strategic agendas, stakeholder legitimacy—an audience‐conferred judgment of organizational appropriateness—has become pivotal. We theorize legitimacy as expanding a hybrid response portfolio in which firms may pursue substantive change (business model innovation [BMI]) alongside symbolic communication that can become ESG washing when disproportionate to operations. Integrating legitimacy, institutional, and signaling perspectives, we argue that institutional pressures allocate effort across these responses rather than forcing an either–or choice. Using a two‐wave survey of South Korean firms ( N = 478), we find that legitimacy generally promotes BMI and deters ESG washing. Regulatory pressure strengthens the legitimacy—BMI link and amplifies the deterrent effect of legitimacy on washing, while normative pressure attenuates both relationships, consistent with a shift toward symbolic compliance. These findings highlight the ethical ambivalence of legitimacy and demonstrate how institutional context shapes ESG behavior. The study contributes to corporate responsibility literature by clarifying when legitimacy drives innovation versus deception and by bridging signaling, legitimacy, and institutional perspectives. We also offer implications for managers balancing ethical responsibility with signaling and for policymakers designing regulations to curb ESG washing.",297430624,0,106,,
10.1007/s44443-025-00194-0,Combining large language models with interpretable models for explainable aspect-based sentiment analysis in the medical domain,"Yang Zhang, Wen Song, Yan‐Ping Zhu, Zhijun Li, Xiaohui Wang",Journal of King Saud University - Computer and Information Sciences,2025,(missing abstract),289918666,0,50,,
10.1145/3746469.3746495,Examination Questions Generation System Based on Soft Knowledge Prompt and Large Language Model,"Zhan Tang, Xiaoyu Lu, Nian Yang, Xiaohong Xiang, Xiang Hou, Xiaoli Peng",Proceedings of the 2nd Guangdong-Hong Kong-Macao Greater Bay Area Education Digitalization and Computer Science International Conference,2025,"In the field of education, the traditional way of writing examination questions by hand has low efficiency and uneven quality. An examination question generation system based on soft knowledge prompt and large language model is proposed to address this difficulty. The large language model is used to enhance the examination question generation process of review materials. The key knowledge points are extracted and the soft knowledge prompt is generated through the feature representation and knowledge mining module. The soft knowledge prompt calculates the similarity score of external domain knowledge, selects the most relevant knowledge segment, and guides the large language model to generate examination questions through the adaptive fusion mechanism, so as to realize the automatic generation from review materials to examination questions, and improve the generation efficiency and quality of educational resources.",290708993,0,9,,
10.1109/access.2025.3590326,Enhancing Sentiment-Driven Recommender Systems With LLM-Based Feature Engineering: A Case Study in Drug Review Analysis,"Samuel Matia Kangoni, Obed Tshimanga Tshipata, Pierre Sedi Nzakuna, Vincenzo Paciello, Jean-Gilbert Mbula Mboma, Jean-Robert Makulo, Kyandoghere Kyamakya",IEEE Access,2025,(missing abstract),289495075,0,39,,
10.1111/emre.70032,Does an optimistic tone in annual reports predict better financial and non-financial performance?,"Francesco Gangi, Daniele Angelo Previati, Lucia Michela Daniele, Giuseppe Galloppo",European Management Review,2025,"Abstract In the current paper, we investigate whether management adopts an optimistic disclosure tone to impress the corporate audience or to provide incremental information (II) by anticipating positive corporate performance. Specifically, we test whether an optimistic tone in annual reports (ARs) is a positive predictor of better financial and non‐financial (environmental and social) performance in the future, or whether impression management (IM) techniques obfuscate unsatisfactory performance. Using 7140 ARs issued by publicly listed firms in the Eurostoxx600 index from 2006 to 2019, we document mixed results. First, according to the II approach, managers use an optimistic tone in ARs to communicate incremental and value‐relevant information on corporate financial performance (CFP), thus aligning the perceptions of stakeholders with their personal perceptions. Moreover, managers adopt an opportunistic IM approach to communicate corporate environmental and social performance (CEP; CSP). Furthermore, our findings indicate that environmental, social, and governance (ESG) engagement positively moderates the incremental information effect on CFP disclosure, whereas corporate governance (CG) mechanisms positively moderate the link between an optimistic tone in ARs and both CEP and CSP.",293340992,0,134,,
10.1016/j.jengtecman.2025.101913,Integrating AI and ESG in digital platforms: New profiles of platform-based business models,"Giulia Nevi, Raffaella Montera, Nicola Cucari, Francesco Laviola",Journal of Engineering and Technology Management,2025,(missing abstract),291703175,1,51,,
10.3390/systems13070507,The Role of Artificial Intelligence in Business Model Innovation of Digital Platform Enterprises,"Zhengang Zhang, Yichen Kang, Yushu Lu, Peilun Li",Systems,2025,"The advancement of artificial intelligence (AI) offers new opportunities for business model innovation in digital platform enterprises. Despite growing interest in AI applications, the specific mechanisms through which digital platform firms leverage AI to drive business model innovation remain insufficiently explored, particularly from the integrated perspective of resource mobilization and organizational capability reconfiguration. To address this gap, this study conducts a single-case analysis of a highly successful digital platform enterprise in China. This study explores how digital platform enterprises can effectively utilize AI technologies to support business model innovation. The findings reveal that AI technologies enable digital platform enterprises to develop organizational capabilities in intelligent connectivity, intelligent development, and intelligent governance. AI-enabled organizational capabilities in digital platform enterprises evolve through three progressive stages: AI-assisted, AI-augmented, and AI-integrated. At each stage, these capabilities are shaped through different types of resource actions—namely, entry-oriented resource patchwork, depth-oriented resource arrangements, and coordination-oriented resource orchestration. This study offers practical insights for digital platform enterprises seeking to leverage AI technologies for business model innovation. By integrating the concepts of resource actions and organizational capabilities, it provides a dynamic explanation of how AI drives innovation in digital platform business models. The research contributes to the theoretical advancement of human-AI integration and resource action frameworks, offering actionable intelligence for the broader industry.",287980896,2,110,,
10.3390/pr13041174,Generative Artificial Intelligence in Adaptive Social Manufacturing: A Pathway to Achieving Industry 5.0 Sustainability Goals,"Parisa Jourabchi Amirkhizi, Siamak Pedrammehr, Sajjad Pakzad, Ahad Shahhoseini",Processes,2025,"As manufacturing transitions from Industry 4.0 to Industry 5.0, a critical challenge emerges in integrating Generative Artificial Intelligence (GAI) into adaptive social manufacturing to achieve sustainability goals. This transition reflects a paradigmatic shift from a technology-centric model focused on automation and efficiency toward a more holistic framework that embeds human-centricity and environmental responsibility into industrial systems. Whereas Industry 4.0 emphasizes digital innovation and productivity, Industry 5.0 seeks to align technological advancement with broader ecological and societal objectives. Despite advancements in automation and digitalization, existing frameworks lack a structured approach to leveraging GAI for environmental, social, and economic sustainability. This study explores the transformative role of GAI in adaptive social manufacturing, addressing the gap in the existing frameworks. Employing a multi-method research design, including content analysis, expert-driven validation, and system dynamics modeling, the study identifies nine key sustainability dimensions of Industry 5.0 and maps them to 17 GAI functions. The findings reveal that GAI significantly enhances adaptive social manufacturing by optimizing resource efficiency, promoting inclusivity, and supporting ethical governance. System dynamics analysis highlights the complex interdependencies between GAI-driven functions and sustainability outcomes, underscoring the need to balance technological innovation with human values. The research provides a novel framework for industries seeking to implement GAI in sustainable production systems, bridging theoretical insights with practical applications. Additionally, it offers actionable strategies to address challenges such as workforce adaptation, ethical AI governance, and adoption barriers, ultimately facilitating the transition toward Industry 5.0’s sustainability goals.",286049420,7,79,,
10.24912/ja.v29i1.2774,Advancing Sustainability Through Artificial Intelligence: Implications for Firm Value in Indonesia,"Dendi Mulyana, Aristanti Widyaningsih, Rozmita Dewi Yuniarti Rozali",Jurnal Akuntansi,2025,"This research seeks to explore the influence of AI adoption on ESG performance and further assess the mediation effect of ESG performance in the relation between AI adoption and firm value. The research was carried out from 2020 to 2023 on companies in Indonesia, yielding 288 observational data points. A multivariate analysis was performed utilising partial least squares structural equation modelling (PLS-SEM) to assess the hypothesis. The findings from hypothesis testing demonstrate that AI adoption has a significant favourable impact on ESG performance. Similarly, ESG performance significantly enhances firm value. Additionally, the indirect effects analysis reveals that ESG performance effectively mediates the positive relationship between AI adoption and firm value. AI enhances ESG performance by serving as a strategic resource, improving efficiency, and advancing sustainability to meet stakeholder expectations, further enhancing corporate value. This research encourages government support, managerial integration, and standardised policies for AI-driven business sustainability.",283566938,2,91,,
10.1002/bsd2.70251,"Responses of Small, Medium and Micro Enterprises to
 ESG
 Practices of Large Firms: A Multidimensional Perspective in the
 B2B
 Context",Paul Blaise Issock Issock,Business Strategy &amp; Development,2025,"
 
 Prior research on Environmental, Social, and Governance (ESG) practices has primarily focused on how they affect large firms' financial performance and investor responses, leaving a limited understanding of how key stakeholders, such as small, medium, and micro enterprises (SMMEs), respond to the ESG practices of larger firms. Grounded in Signalling Theory and Stakeholder Salience Theory, this study examines how ESG ratings, disclosure types (voluntary versus mandatory), and pillar salience shape the behavioural responses of SMMEs. Using a mixed‐methods design, the research combines three between‐subjects vignette experiments with a qualitative enquiry. Data were drawn from South African SMME decision‐makers across a field sample (Study 1:
 n
  = 101), two independent national online panels (Study 2:
 n
  = 200 and Study 3:
 n
  = 175), and 17 semi‐structured interviews (Study 4). Findings indicate that higher third‐party ESG ratings significantly enhance SMMEs' positive responses to offers from larger firms. The social pillar consistently emerged as the most influential, reflecting South Africa's inequality and collective welfare priorities, while governance also mattered in compliance‐sensitive industries. By contrast, the type of disclosure (mandatory vs. voluntary) had no measurable impact on SMME responses. Theoretically, this paper links ESG practices to stakeholders' judgments of legitimacy and urgency, clarifying the conditions under which ESG cues translate into cooperative intent. In practice, the paper shows how large firms can better calibrate ESG communication and investment to attract SMME partners in B2B markets.
",294376962,0,41,,
10.1108/14626001211277460,A process-based operational framework for sustainability reporting in SMEs,"M. Arena, G. Azzone",(missing journal),2012,"Purpose – The paper aims to support small and medium enterprises (SMEs) in overcoming the difficulties they encounter in initiating sustainability reporting, proposing a “general” process for identifying a standard set of key sustainability indicators, that is specifically tailored on SMEs characteristics.Design/methodology/approach – The paper moves from the analysis of the existing international frameworks for sustainability reporting, and it discusses the main motivations whereby they are hardly applicable for SMEs. Then, it proposes a theoretical approach, which derives the set of key sustainability indicators starting from GRI, but explicitly considering SMEs specificities.Findings – The paper presents and discusses the application of the proposed approach to a network of Italian steel SMEs.Practical implications – The approach proposed can support SMEs to face the problems they face in implementing sustainability reporting (resource and capability constraints and lack of operative instruments to sup...",143383106,74,29,,
10.1007/s10551-017-3667-3,Every Little Helps? ESG News and Stock Market Reaction,"Gunther Capelle-Blancard, Aurélien Petit",Journal of Business Ethics,2019,"Stories about corporate social responsibility have become very frequent over the past decade, and managers can no longer ignore their impact on firm value. In this paper, we investigate the extent and the determinants of the stock market’s reaction following ordinary news related to environmental, social and governance issues—the so-called ESG factors. To that purpose, we use an original database provided by Covalence EthicalQuote. Our empirical analysis is based on about 33,000 ESG news (positive or negative), targeting one hundred listed companies over the period 2002–2010. On average, firms facing negative events experience a drop in their market value of 0.1%, whereas companies gain nothing on average from positive announcements. We find also that market participants are responsive to the media, but they do not react to firms’ press releases or to NGOs’ disclosures. Moreover, our results indicate that sector’s reputation mitigates the loss (the goodwill hypothesis) and that cultural proximity and lexical contents of ESG disclosures play a significant role in the magnitude of the impact.",144178059,462,120,,
10.3390/app12115614,Analyzing and Visualizing Text Information in Corporate Sustainability Reports Using Natural Language Processing Methods,"Hyewon Kang, Jinho Kim",Applied Sciences,2022,"Sustainability is a major contemporary issue that affects everyone. Many companies now produce an annual sustainability report, mainly intended for their stakeholders and the public, enumerating their goals and degrees of achievement regarding sustainable development. Although sustainability reports are an important resource to understand a company’s sustainability strategies and practices, the difficulty of extracting key information from dozens or hundreds of pages with sustainability and business jargon has highlighted the need for metrics to effectively measure the content of such reports. Accordingly, many researchers have attempted to analyze the concepts and messages from sustainability reports using various natural language processing (NLP) methods. In this study, we propose a novel approach that overcomes the shortcomings of previous studies. Using the sentence similarity method and sentiment analysis, the study clearly shows thematic practices and trends, as well as a significant difference in the balance of positive and negative information in the reports across companies. The results of sentiment analysis prove that the new approach of this study is very useful. It confirms that companies actively use the sustainability report to improve their positive image when they experience a crisis. It confirms that companies actively use the sustainability report to improve their positive image when they experience a crisis. The inferences gained from this method will not only help companies produce better reports that can be utilized effectively, but also provide researchers with ideas for further research. In the concluding section, we summarize the implications of our approach and discuss limitations and future research areas.",153526550,29,39,,
10.1007/s10668-019-00512-3,Sustainability benchmarking tool (SBT): theoretical and conceptual model proposition of a composite framework,"Çağatay Taşdemir, R. Gazo, Henry Quesada","Environment, Development and Sustainability",2020,"Sustainable development and sustainability notions are among trending topics of twenty-first century. Elevated sustainability concerns of various stakeholders have been forcing members of all industries to evolve into their more environmentally and socially responsible versions. However, a complete framework with a true sustainability and benchmarking focus is yet to be delivered. Within this study, an innovative, holistic, versatile and scalable tool was developed to assess and benchmark sustainability performance of organizations and supply chains. The proposed framework was established upon trivet structure of triple bottom line philosophy and fueled by lean, Six Sigma and life cycle analysis methodologies for accurate and effective measurement of sustainability performance. Completeness of the framework was ensured through development of first-generation key performance indicator pool with 33 indicators, a unique work environment assessment mechanism for safety and environmental protection issues in terms of 11 risk categories and by construction of an ownership structure for ease of framework deployment. Proposed framework is expected to help with true sustainability performance improvement and benchmarking objectives at a range of business levels from facility to sectoral operations. Both small- and medium-sized enterprises and large corporations could benefit from SBT Framework since it eliminates unit-based comparisons within its standardized performance measurement modules. Industries with lower profit margins could also gain competitive edge through continuous discovery of improvement opportunities. Furthermore, some manufacturing industries with unique characteristics such as wood products industries with their carbon sequestration potential and electric car manufacturers with their renewable energy-dependent final products could document their strengths more effectively through this science-based assessment mechanism.",167152951,37,147,,
10.1108/aaaj-04-2012-00998,Sustainability reports as simulacra? A counter-account of A and A+ GRI reports,O. Boiral,(missing journal),2013,"Purpose - – The purpose of this paper is to examine the extent to which sustainability reporting can be viewed as a simulacrum used to camouflage real sustainable-development problems and project an idealized view of the firms' situations. Design/methodology/approach - – The method was based on the content analysis and counter accounting of 23 sustainability reports from firms in the energy and mining sectors which had received application levels of A or A+ from the Global Reporting Initiative (GRI). The information disclosed in some 2,700 pages of reports was structured around 92 GRI indicators and compared with 116 significant news events that clearly addressed the responsibility of these firms in sustainable development problems. Moreover, the 1,258 pictures included in sustainability reports were categorized into recurring themes from an inductive perspective. Findings - – A total of 90 per cent of the significant negative events were not reported, contrary to the principles of balance, completeness and transparency of GRI reports. Moreover, the pictures included in these reports showcase various simulacra clearly disconnected with the impact of business activities. Originality/value - – The paper shows the relevance of the counter accounting approach in assessing the quality of sustainability reports and question the reliability of the GRI's A or A+ application levels. It contributes to debates concerning the transparency of sustainability reports in light of Debord's and Baudrillard's critical perspective. The paper reveals the underexplored role of images in the emergence of several types of simulacra.",169261273,647,73,,
10.1108/sampj-10-2018-0272,The greenwashing triangle: adapting tools from fraud to improve CSR reporting,"John Kurpierz, Ken Smith","Sustainability Accounting, Management and Policy Journal",2020,"The purpose of this paper is to show a significant overlap in the models accounting research uses for fraud and the models other research disciplines use for greenwashing, and show how researchers and policymakers interested in the application of effective sustainability policy can draw from fraud accounting literature to better understand, and therefore, combat greenwashing. This is illustrated by showing multi-actor information-asymmetry models from other branches of accounting literature and synthesizing them with the fraud triangle model to suggest new avenues for reducing greenwashing and strengthening corporate social responsibility (CSR).,This paper reviews the current literature surrounding the greenwashing aspect of corporate camouflage compares the legal and technical definitions of fraud and synthesizes a new variant fraud triangle that more usefully describes greenwashing.,This paper is able to show that other areas of accounting research in North America have already tackled similar systems of multiple actors in an information-asymmetric environment and that a recurring trait is the emergence of a more robust reporting system. CSR reporting is currently in the process of emerging and could develop more swiftly by copying extant fraud-fighting tools. This is particularly salient given the increasing amount of liability legal regimes are giving to both sustainability activities and sustainability reporting from firms, as evidenced in both guidelines and scandals over the past decade.,Sustainability reporting is not unique in comprising a large number of interrelated entities with non-financial information asymmetry between actors. Previous researchers have encountered similar situations in government accounting and public administration and developed network models to study these relationships as a result. In government accounting, this led to the development both of better diagnostic tools for further research and better models for local governments to use to prevent fraud and malfeasance. This paper suggests that using such research methods in the area of CSR will allow for the development of similarly-useful tools and models.,Visualizing greenwashing as a form of fraud allows policymakers to use tools from the fraud-fighting literature to improve CSR reporting and produce a more robust regime in the future. As governments increasingly seek to respond effectively to material misstatements with an intent to deceive in sustainability reports, understanding the underlying information asymmetry as it is found in other private-public interfaces is critical. Similarly, researchers can analyze CSR reporting through the lens of fraud researchers to gain novel insights into how information asymmetry in CSR reporting works.,Greenwashing is not traditionally seen as a form of fraudulent reporting, even though it often meets the same technical test used to determine fraudulent reporting. The realization that the two are structurally similar allows the authors to better understand how CSR reporting works and how CSR reporting can be falsified. By understanding the latter, governments, firms and non-governmental organizations (NGOs) can develop tools to prevent CSR reporting from being falsified.,This paper suggests a new suite of tools with which to study greenwashing, and with which to fight greenwashing in a sustainability accounting context.",174880902,105,41,,
10.1007/978-3-030-29726-8_4,Automated Machine Learning for Studying the Trade-Off Between Predictive Accuracy and Interpretability,Alex A. Freitas,Lecture Notes in Computer Science,2019,"Automated Machine Learning (Auto-ML) methods search for the best classification algorithm and its best hyper-parameter settings for each input dataset. Auto-ML methods normally maximize only predictive accuracy, ignoring the classification model’s interpretability – an important criterion in many applications. Hence, we propose a novel approach, based on Auto-ML, to investigate the trade-off between the predictive accuracy and the interpretability of classification-model representations. The experiments used the Auto-WEKA tool to investigate this trade-off. We distinguish between white box (interpretable) model representations and two other types of model representations: black box (non-interpretable) and grey box (partly interpretable). We consider as white box the models based on the following 6 interpretable knowledge representations: decision trees, If-Then classification rules, decision tables, Bayesian network classifiers, nearest neighbours and logistic regression. The experiments used 16 datasets and two runtime limits per Auto-WEKA run: 5 h and 20 h. Overall, the best white box model was more accurate than the best non-white box model in 4 of the 16 datasets in the 5-hour runs, and in 7 of the 16 datasets in the 20-hour runs. However, the predictive accuracy differences between the best white box and best non-white box models were often very small. If we accept a predictive accuracy loss of 1% in order to benefit from the interpretability of a white box model representation, we would prefer the best white box model in 8 of the 16 datasets in the 5-hour runs, and in 10 of the 16 datasets in the 20-hour runs.",175967618,24,25,,
10.1007/s10668-021-01602-x,"Green, blue or black, but washing–What company characteristics determine greenwashing?","Silvia Ruiz-Blanco, Silvia Romero, Belen Fernandez‐Feijoo","Environment, Development and Sustainability",2021,"The purpose of this paper is to study what are the characteristics that make firms less or more prone to greenwashing. We collect data from sustainability disclosures of the S&P top 100 companies, to investigate the determinants of greenwashing. We use content analysis to measure the level of reporting of the companies. We define the “greenwashing” variable as the difference between what the company says it does in terms of commitment to sustainability, and what the company actually does as evaluated by external parties (Bloomberg ESG scores). Our results show that companies in environmentally sensitive industries greenwash less than their counterparts in other industries, as well as companies following the GRI guidelines. Companies that issue a sustainability report and assure it greenwash less than those that do not do it. Contrary to our intuition, companies in industries with close proximity and high visibility greenwash more than their counterparts. A limitation of the paper is the inclusion in the sample of data from one country. Our findings have implications for policy-makers, particularly in Europe, where some European states have already regulated on green issues reporting and lately on blue issues. It might be interesting to consider both the industry effect and the relevance of reporting mechanisms when developing regulation and policies in order to improve the quality of sustainability reporting. We contribute to literature by proposing a new quantitative measure to assess greenwashing practices, to better understand the effect of industry and reporting mechanisms on greenwashing.",179967820,191,83,,
10.1109/icfhr-2018.2018.00056,Automated Grading of Handwritten Essays,"Annapurna Sharma, D. Jayagopi",International Conference on Frontiers in Handwriting Recognition,2018,"Automatic grading of handwritten essays is vital in evaluating the performance of students in educational settings, particularly in situations where language experts are rare. We build a system capable of taking the input as handwritten essays in image format and outputs the grading on the scale of 0-5; 0 being the worst and 5 being the best. The overall system integrates Optical Handwriting Recognition (OHR) and Automated Essay Scoring (AES)/grading. The handwritten essay is transcribed using a network composed of Multi-Dimensional Long Short Term Memory (MDLSTM) and convolution layers. The loss function is Connectionist Temporal Classification (CTC). The AES model is a 2-layer artificial neural network with a feature set based on pretrained GloVe word vectors. The results of grading of essays are compared for transcriptions of essays received from OHR system and transcriptions of essays done manually. The mutual agreement between the two shows a Quadratic Weighted Kappa score of 0.88. The results indicate that though the current OHR systems have transcription errors but as a whole can perform well for an application like AES.",191114753,24,16,,
10.1002/smj.2647,How Media Coverage of Corporate Social Irresponsibility Increases Financial Risk,"Julian F. Kölbel, Julian F. Kölbel, T. Busch, Leonhardt M. Jancso",(missing journal),2017,"Research summary: This article explores the relationship between corporate social irresponsibility (CSI) and financial risk. We posit that media coverage of CSI generates risk by providing conditions that increase the potential for stakeholder sanctions. Through analyzing an international panel of 539 firms during 2008–2013, we find that firms receiving higher CSI coverage face higher financial risk. We show that the reach of the reporting media outlet is a critical condition for this relationship. Once the outlet has a high reach, the severity of CSI coverage is a boundary condition that further reinforces the effect. Our findings complement existing theory about the risk-mitigating effect of corporate social responsibility by illuminating the risk-generating effect of CSI coverage. For executives, these insights suggest complementary strategies for corporate risk management. 
 
Managerial summary: This article examines the effect of negative news on financial risk. It shows that negative media articles regarding environmental, social, and governance (ESG) issues increase a firm's credit risk. It also provides a detailed analysis of the impact of an article's reach and severity, i.e., how many readers are exposed to the article and how harshly it criticizes the firm. The results allow to quantitatively assess the risk that emanates from negative ESG news. For executives, three strategies are derived for limiting a firm's exposure to this risk: balancing corporate social responsibility programs with operational safety programs, reporting suboptimal environmental and social performance transparently and proactively, and avoiding acquisition targets and markets with a legacy of negative news. Copyright © 2017 John Wiley & Sons, Ltd.",193514249,521,78,,
10.1111/1911-3838.12241,The Use of Blockchains to Enhance Sustainability Reporting and Assurance*,"Kathleen M. Bakarich, John “Jack” Castonguay, Patrick E. O'Brien",Accounting Perspectives,2020,"The changing dynamics of the accounting profession have been strongly influenced by emerging technologies and the demand for nontraditional metrics and information by stakeholders and regulators. In this article, we perform an exploratory content analysis to examine the role that blockchain technology can play in enhancing sustainability reporting and assurance. The benefits to companies and assurance professionals in using the distributed ledger technology of blockchain are increased trust, transparency, and traceability, which matches stakeholders' demands as it relates to sustainability reporting. This article identifies and analyzes potential and current use cases of blockchain in the United States and Canada to assist accountants and auditors in preparing and reviewing sustainability information. We highlight how augmenting traditional reporting systems with blockchain can overcome problems with sustainability reporting. We discuss implications for practice in detail—finding that blockchain is well‐positioned to provide reliable tracking and custodial support as it relates to sustainability information currently being self‐reported by many firms, such as greenhouse gas emissions, conflict mineral disclosure, or product provenance, among others. Expanded adoption of blockchains by companies will lead to higher‐quality information being included in sustainability reports and allow assurance professionals to verify a wider range of information, potentially leading to uniform standards in the evaluation of sustainability reports. L'UTILISATION DE LA CHAINE DE BLOCS POUR AMELIORER L'INFORMATION ET L'ASSURANCE EN MATIERE DE DURABILITE La dynamique evolutive de la profession comptable est fortement influencee par les technologies emergentes et la demande de mesures et informations non conventionnelles de la part des parties prenantes et des organismes de reglementation. Dans cet article, nous effectuons une analyse de contenu exploratoire afin d'examiner le role que la technologie de la chaine de blocs peut jouer pour ameliorer l'information et l'assurance en matiere de durabilite. Pour les entreprises et les professionnels de l'assurance, les avantages lies a l'utilisation de la technologie du registre distribue de la chaine de blocs sont une confiance, une transparence et une tracabilite accrues, ce qui correspond aux demandes des parties prenantes concernant l'information relative a la durabilite. Dans la presente etude, nous cernons et analysons des cas d'utilisation de la chaine de blocs eventuels et actuels aux Etats‐Unis et au Canada pour aider les comptables et les auditeurs a preparer et a passer en revue l'information sur la durabilite. Nous montrons de quelle facon l'ajout de la chaine de blocs aux systemes de communication d'information conventionnels peut resoudre des problemes associes a la production de rapports financiers sur la durabilite. Nous discutons en detail des consequences de cette technologie sur la pratique comptable, en etablissant que la chaine de blocs est en bonne position pour fournir un suivi fiable et une certaine forme de surveillance concernant l'information sur la durabilite actuellement communiquee par de nombreuses entreprises, comme les emissions de gaz a effet de serre, les declarations sur le minerai de conflit ou la provenance des produits. L'adoption a plus grande echelle de la chaine de blocs par les entreprises permettra d'integrer de l'information de meilleure qualite aux rapports sur la durabilite et donnera aux professionnels de l'assurance l'occasion de verifier davantage de renseignements, ce qui pourrait entrainer l'etablissement de normes uniformes pour l'evaluation de l'information sur la durabilite.",197186143,59,34,,
10.1007/s40593-020-00211-5,Automated Essay Scoring and the Deep Learning Black Box: How Are Rubric Scores Determined?,"Vivekanandan Kumar, David Boulanger",International Journal of Artificial Intelligence in Education,2021,"This article investigates the feasibility of using automated scoring methods to evaluate the quality of student-written essays. In 2012, Kaggle hosted an Automated Student Assessment Prize contest to find effective solutions to automated testing and grading. This article: a) analyzes the datasets from the contest – which contained hand-graded essays – to measure their suitability for developing competent automated grading tools; b) evaluates the potential for deep learning in automated essay scoring (AES) to produce sophisticated testing and grading algorithms; c) advocates for thorough and transparent performance reports on AES research, which will facilitate fairer comparisons among various AES systems and permit study replication; d) uses both deep neural networks and state-of-the-art NLP tools to predict finer-grained rubric scores, to illustrate how rubric scores are determined from a linguistic perspective, and to uncover important features of an effective rubric scoring model. This study’s findings first highlight the level of agreement that exists between two human raters for each rubric as captured in the investigated essay dataset, that is, 0.60 on average as measured by the quadratic weighted kappa (QWK). Only one related study has been found in the literature which also performed rubric score predictions through models trained on the same dataset. At best, the predictive models had an average agreement level (QWK) of 0.53 with the human raters, below the level of agreement among human raters. In contrast, this research’s findings report an average agreement level per rubric with the two human raters’ resolved scores of 0.72 (QWK), well beyond the agreement level between the two human raters. Further, the AES system proposed in this article predicts holistic essay scores through its predicted rubric scores and produces a QWK of 0.78, a competitive performance according to recent literature where cutting-edge AES tools generate agreement levels between 0.77 and 0.81, results computed as per the same procedure as in this article. This study’s AES system goes one step further toward interpretability and the provision of high-level explanations to justify the predicted holistic and rubric scores. It contends that predicting rubric scores is essential to automated essay scoring, because it reveals the reasoning behind AIED-based AES systems. Will building AIED accountability improve the trustworthiness of the formative feedback generated by AES? Will AIED-empowered AES systems thoroughly mimic, or even outperform, a competent human rater? Will such machine-grading systems be subjected to verification by human raters, thus paving the way for a human-in-the-loop assessment mechanism? Will trust in new generations of AES systems be improved with the addition of models that explain the inner workings of a deep learning black box? This study seeks to expand these horizons of AES to make the technique practical, explainable, and trustable.",207741506,82,46,,
10.1108/srj-03-2012-0035,Lifting the veil on environment-social-governance rating methods,"W. Stubbs, P. Rogers",(missing journal),2013,"Purpose - – There is growing recognition that numerous business drivers contribute to financial performance and investment returns but they are not included in a company's profit and loss statements. In the investment industry, these wider sets of value drivers are known as environment-social- governance (ESG) factors. A small number of specialized ESG rating agencies provide information to investors about the extent to which firms' behaviors are socially responsible. However, a major criticism of these rating agencies is the lack of transparency in their methods. This paper aims to examine the issues of subjectivity, transparency and uniformity of ESG ratings by exploring the methods used to assess ethics performance by an Australian rating agency. Design/methodology/approach - – A case study was conducted on an Australian ESG rating provider, Regnan. The data for the analysis were sourced from internal Regnan documents. Findings - – The paper found that a level of subjectivity is inevitable in ESG ratings and the call for uniformity may inhibit innovation, but these issues can be addressed by increased transparency of the rating methods. Research limitations/implications - – Further research is required to understand what level and, combination of, uniformity and transparency is sufficient to satisfy stakeholder requirements for ESG information. Practical implications - – The discussion of the factors underlying the ethics performance rating may prompt more open and transparent debate on how to assess ethical performance of companies, and increase investor confidence in ESG ratings. It may also provide more direction to companies on how to strengthen their ethical performance. Originality/value - – There is growing recognition that numerous business drivers contribute to financial performance and investment returns but they are not included in a company's profit and loss statements. These “ESG” factors can account for up to 66 percent of the market value of globally listed companies. In response to calls for more transparency on how ESG factors are assessed, and how ethical performance is appraised, this paper attempts to lift the veil on ESG rating methods.",223811488,51,51,,
(missing DOI),"Incorporating Dynamic Semantics into Pre-Trained Language Model for
  Aspect-based Sentiment Analysis","Zhang, Kai, Zhang, Kun, Zhang, Mengdi, Zhao, Hongke, Liu, Qi, Wu, Wei, Chen, Enhong",(missing journal),2022,"Aspect-based sentiment analysis (ABSA) predicts sentiment polarity towards a specific aspect in the given sentence. While pre-trained language models such as BERT have achieved great success, incorporating dynamic semantic changes into ABSA remains challenging. To this end, in this paper, we propose to address this problem by Dynamic Re-weighting BERT (DR-BERT), a novel method designed to learn dynamic aspect-oriented semantics for ABSA. Specifically, we first take the Stack-BERT layers as a primary encoder to grasp the overall semantic of the sentence and then fine-tune it by incorporating a lightweight Dynamic Re-weighting Adapter (DRA). Note that the DRA can pay close attention to a small region of the sentences at each step and re-weigh the vitally important words for better aspect-aware sentiment understanding. Finally, experimental results on three benchmark datasets demonstrate the effectiveness and the rationality of our proposed model and provide good interpretable insights for future semantic modeling.",227857215,22,0,,
10.2139/ssrn.4192257,Misreporting of Mandatory ESG Disclosures: Evidence from Gender Pay Gap Information,"McKenna Bailey, Stephen Glaeser, James D. Omartian, Aneesh Raghunandan",Social Science Research Network,2022,"We examine environmental, social, and governance (ESG) misreporting in the context of the UK government requirement to report gender employment ratios and pay gaps. Highlighting misreporting, many employers report a set of disclosures that are together mathematically impossible. Further, a disproportionate number of employers report perfectly balanced gender statistics, consistent with misreporting as a form of ESG-washing. Suggesting that a lack of ethical considerations encourages misreporting, employers involved in ESG controversies and who commit labor violations are more likely to misreport. Suggesting that capital market and media scrutiny discourage misreporting, employers that are the subject of an article about their gender pay gap reports and employers that receive an ESG audit or financial audit from a Big 4 auditor are less likely to misreport. Overall, our results suggest that 12%–15% of employers misreport in 2017 and 8%–11% misreport in subsequent years. Our findings highlight the importance of meaningful oversight within the context of ESG reporting.
 This paper was accepted by Ranjani Krishnan, accounting.
 Supplemental Material: The online appendix and data files are available at https://doi.org/10.1287/mnsc.2024.05125 .",231227741,11,34,,
10.1108/medar-03-2021-1247,The impact of the EU nonfinancial information directive on environmental disclosure: evidence from Italian environmentally sensitive industries,"M. Papa, M. Carrassi, Anna Lucia Muserra, Monika Wieczorek-Kosmala",Meditari Accountancy Research,2022,"
Purpose
To determine whether to entrust the European Union (EU) to create a new nonfinancial reporting framework or endorse the extant reporting framework developed by the Global Reporting Initiative (GRI), this study aims to explore whether the mandatory implementation of the EU Directive positively impacted the GRI-based environmental disclosure.


Design/methodology/approach
The authors compared the pre- and post-EU Directive environmental disclosure of 16 Italian environmentally sensitive companies. The authors used an extended coding scheme and developed a unique scoring system to compare the quantitative and qualitative changes in environmental disclosure.


Findings
The analysis showed that the quantity of environmental disclosure increased after the mandatory EU Directive adoption. The most significant change was observed regarding the disclosure topics explicitly required by the Italian legislature. Additionally, disclosure of soft information continued to prevail over that of hard information in the post-Directive period. While the Directive boosted the level of adherence to GRI standards, Italian companies disclosed information that could be easily mimicked (soft) instead of objective measures that could be verified (hard). In light of this evidence, the endorsement of extant GRI standards could be a valuable option for enhancing the comparability and transparency of environmental disclosure.


Originality/value
This study used an original extended coding system and proposed related environmental disclosure indexes that allow monitoring changes in environmental disclosure over time. To the authors’ best knowledge, this study is one of the few that justifies the significant impact of regulation (here the EU Directive) on the increase in environmental disclosure and that uses hard and soft information typology to examine the quality of environmental disclosure.
",234112946,26,91,,
10.48550/arxiv.2203.05794,BERTopic: Neural topic modeling with a class-based TF-IDF procedure,M. Grootendorst,arXiv.org,2022,"Topic models can be useful tools to discover latent topics in collections of documents. Recent studies have shown the feasibility of approach topic modeling as a clustering task. We present BERTopic, a topic model that extends this process by extracting coherent topic representation through the development of a class-based variation of TF-IDF. More specifically, BERTopic generates document embedding with pre-trained transformer-based language models, clusters these embeddings, and finally, generates topic representations with the class-based TF-IDF procedure. BERTopic generates coherent topics and remains competitive across a variety of benchmarks involving classical models and those that follow the more recent clustering approach of topic modeling.",234805757,1897,43,,
10.1080/09638180.2022.2088588,Does Voluntary ESG Reporting Resolve Disagreement among ESG Rating Agencies?,"Michael D. Kimbrough, Xu (Frank) Wang, Sijing Wei, J. Zhang",The European Accounting Review,2022,"US companies are increasingly responding to demand from investors and other stakeholders for transparent information about companies’ environmental, social, and governance (ESG) performance by issuing ESG reports on a voluntary basis. We examine whether these reports help to resolve the previously documented disagreement among ESG rating agencies about individual companies’ ESG performance. Consistent with this possibility, we find that disagreement among ESG rating agencies is lower for firms that voluntarily issue ESG reports. In particular, disclosures about the environmental and social dimensions help reduce disagreement about the company’s performance on those dimensions. Using textual analysis, we find that longer reports are associated with reduced disagreement among ESG raters while reports with more positive tones or that use a greater number of sticky words are associated with heightened disagreement. The association between ESG disclosure and ESG disagreement is more pronounced when firms obtain third-party attestations on their ESG reports, especially from accounting firms, and when firms adhere to advanced levels of Global Reporting Initiative (GRI) reporting standards. Finally, ESG disagreement is positively associated with disagreement and uncertainty in the capital market, providing strong motivation for firms to voluntarily disclose ESG reports to reduce ESG disagreement.",242067378,192,76,,
10.3390/su15010200,"Environmental, Social and Governance (ESG) Disclosure and the Small and Medium Enterprises (SMEs) Sustainability Performance","H. Shalhoob, K. Hussainey",Sustainability,2022,"This paper aims to evaluate the impact of environmental, social and governance (ESG) disclosure practices on the sustainability performance of small and medium enterprises (SMEs) in Saudi Arabia. It adopts qualitative research methods to answer the research questions through interviews, using a sample of 30 interviewees, to direct and moderate the relationship between SMEs’ sustainability performance and their disclosure of ESG practices. The results indicated that SMEs in Saudi Arabia lack awareness of ESG practices and disclosures and, therefore, the extent of their importance to sustainability performance. The findings of this research have several practical implications for different stakeholders, internally and externally, such as managers, consultants, investors, credit agencies, lenders, policymakers, government, and the overall community in the context of the potential effects of ESG disclosure practices on SMEs.",250339374,70,67,,
10.3390/su142416631,Does the Tone in Corporate Social Responsibility Reports Misdirect Analysts’ Forecasts in China?,"Xiaoying Liang, Hongjun Wu",Sustainability,2022,"With increasing emphasis being placed on corporate social responsibility, the number of companies furnishing corporate social responsibility (CSR) reports is increasing. This study investigates the impact of abnormal positive tone in CSR reports on analysts’ earnings forecast bias. The textual analysis of CSR reports of Chinese listed companies between 2006 and 2016 reveals that an abnormal positive tone significantly and positively relates to an optimistic bias in analysts’ forecasts. This effect is pronounced among companies with poor financial transparency and those operating in regions where culture is stakeholder-oriented. Further analysis confirms that the poorer the company’s CSR performance, the more it tends to mislead analysts using an abnormal positive tone in its CSR report. Based on these findings, this study suggests that firms may greenwash using an abnormally positive tone in their CSR reports.",250626085,11,44,,
10.3390/su15010309,"Technologies Empowered Environmental, Social, and Governance (ESG): An Industry 4.0 Landscape","Archana B. Saxena, Rajesh Singh, Anita Gehlot, S. Akram, Bhekisipho Twala, Aman Singh, Elisabeth Caro Montero, Neeraj Priyadarshi",Sustainability,2022,"Currently, sustainability is a vital aspect for every nation and organization to accomplish Sustainable Development Goals (SDGs) by 2030. Environmental, social, and governance (ESG) metrics are used to evaluate the sustainability level of an organization. According to the statistics, 53% of respondents in the BlackRock survey are concerned about the availability of low ESG data, which is critical for determining the organization’s sustainability level. This obstacle can be overcome by implementing Industry 4.0 technologies, which enable real-time data, data authentication, prediction, transparency, authentication, and structured data. Based on the review of previous studies, it was determined that only a few studies discussed the implementation of Industry 4.0 technologies for ESG data and evaluation. The objective of the study is to discuss the significance of ESG data and report, which is used for the evaluation of the sustainability of an organization. In this regard, the assimilation of Industry 4.0 technologies (Internet of Things (IoT), artificial intelligence (AI), blockchain, and big data for obtaining ESG data by an organization is detailed presented to study the progress of advancement of these technologies for ESG. On the basis of analysis, this study concludes that consumers are concerned about the ESG data, as most organizations develop inaccurate ESG data and suggest that these digital technologies have a crucial role in framing an accurate ESG report. After analysis a few vital conclusions are drawn such as ESG investment has benefited from AI capabilities, which previously relied on self-disclosed, annualized company information that was susceptible to inherent data issues and biases. Finally, the article discusses the vital recommendations that can be implemented for future work.",250761530,129,73,,
10.3389/fenvs.2022.975487,"Applying artificial intelligence techniques for predicting the environment, social, and governance (ESG) pillar score based on balance sheet and income statement data: A case of non-financial companies of USA, UK, and Germany","H. Raza, Muhammad Anees Khan, Muhammad Mansoor Alam, Nida Aman, Kumail Abbas, Vishal Dagar, Muhammad Owais Khan, Imran Khan",Frontiers in Environmental Science,2022,"Due to globalization, environment, social, and governance (ESG) issues have gained importance over the last few decades. ESG is a worldwide issue, which clarifies that organizations throughout the world are lacking in contribution to the environment, society, and corporate governance characteristics for sustainable development. The problem of ESG spread over all stakeholders needs to be addressed. In this regard, rating agencies also have a close eye on ESG issues and have developed the methodology of score that aims to provide disclosure on ESG metrics which, in return, help investors and asset managers better differentiate between responsible and irresponsible companies. The ESG score has become an important tool among asset managers but is highly questioned in terms of reliability. The study objective was to develop machine learning algorithms to assess how balance sheet and income statement data impact the Thomson Reuters ESG score for non-financial public companies of USA, UK, and Germany from 2008 to 2020. In addition, the study also has an objective to assess which machine learning (ML) algorithm better predicts the ESG score using structural data, that is, return on assets (ROA), return on equity (ROE), earning per share (EPS), earnings before interest and taxes (EBIT), dividend yield, and net sales. The results concluded that balance sheet and income statement data are critical in explaining the ESG score, and the ANN algorithm outperforms with minimum RMSE and MAE values. All in all, the results of the study, based on the concept of artificial intelligence, bring suggestion for improvement to regulatory bodies, researchers, academia, practitioners, publicly listed companies around the globe, and last but not the least to the US, UK, and Germany markets. Moreover, it also provides suggestions for up-to-date compliance of ESG-relevant activities for boosting the firm performance.",251673785,30,25,,
10.1111/1911-3846.12832,"FinBERT
 : A Large Language Model for Extracting Information from Financial Text†","Allen Huang, Hui Wang, Yi Yang",Contemporary Accounting Research,2022,(missing abstract),251818677,430,0,,
10.1108/sasbe-05-2022-0089,Simplified rating tool to evaluate sustainable practices of small-scale infrastructure projects in Australia – a comparative review,"M. Sandanayake, Z. Vrcelj, Yanni Bouras, H. Chau, Patrick Hastings",Smart and Sustainable Built Environment,2023,"PurposeThe present study aims to inform the requirements for developing a sustainable rating tool for small-scale infrastructure projects (SSIPs) through research findings.Design/methodology/approachA review-based comparative study of existing infrastructure sustainability (IS) rating tools for assessment of SSIPs is presented. Key stakeholder participants of the existing IS rating tools, are interviewed to identify existing barriers and requirements for sustainability rating. The study further presents possible rating tool options to optimise the sustainable performance evaluation of SSIPs.FindingsFindings of this study indicated that prevalent IS rating tools are majorly applied to large-scale infrastructure projects and sustainability of SSIPs are seldom assessed. Based on a literature review and series of interviews, it was found that user friendliness, efficient structure, training and technical support, cost effectiveness and stakeholder recognition are the five key requirements of a sustainability rating tool for SSIPs. Additionally, six sustainability assessment options were proposed for SSIPs which range from pathways for existing tools through to new, customisable tools. Upon comparison, a new modified tool with verification process and revised tool with defined grouping of sustainable criteria was more effective for evaluation of SSIPs.Research limitations/implicationsUse of case specific information for validation and framework development may lack generalisation. However, methodology can be used for future decision-making by making necessary adjustments to suit different local regional requirements.Originality/valueDespite lack of generalisation, the findings can lead to future general studies on sustainability of SSIPs. Findings of the study provide foundation knowledge and awareness for sustainability evaluation of SSIPs.",253407311,7,40,,
10.3390/su15032684,Community Governance Based on Sentiment Analysis: Towards Sustainable Management and Development,"Xudong Zhang, Zejun Yan, Qianfeng Wu, Ke Wang, Kelei Miao, Zhangquan Wang, Yourong Chen, Xudong Zhang, Zejun Yan, Qianfeng Wu, Ke Wang, Kelei Miao, Zhangquan Wang, Yourong Chen",Sustainability,2023,"The promotion of community governance by digital means is an important research topic in developing smart cities. Currently, community governance is mostly based on reactive response, which lacks timely and proactive technical means for emergency monitoring. The easiest way for residents to contact their properties is to call the property call center, and the call centers of many properties store many speech data. However, text sentiment classification in community scenes still faces challenges such as small corpus size, one-sided sentiment feature extraction, and insufficient sentiment classification accuracy. To address such problems, we propose a novel community speech text sentiment classification algorithm combining two-channel features and attention mechanisms to obtain effective emotional information and provide decision support for the emergency management of public emergencies. Firstly, text vectorization based on word position information is proposed, and a SKEP-based community speech–text enhancement model is constructed to obtain the corresponding corpus. Secondly, a dual-channel emotional text feature extraction method that integrates spatial and temporal sequences is proposed to extract diverse emotional features effectively. Finally, an improved cross-entropy loss function suitable for community speech text is proposed for model training, which can achieve sentiment analysis and obtain all aspects of community conditions. The proposed method is conducive to improving community residents’ sense of happiness, satisfaction, and fulfillment, enhancing the effectiveness and resilience of urban community governance.",253440534,4,19,,
10.48550/arxiv.2203.01054,"A Survey on Aspect-Based Sentiment Analysis: Tasks, Methods, and Challenges","Wenxuan Zhang, Xin Li, Yang Deng, Lidong Bing, W. Lam",IEEE Transactions on Knowledge and Data Engineering,2022,"As an important fine-grained sentiment analysis problem, aspect-based sentiment analysis (ABSA), aiming to analyze and understand people's opinions at the aspect level, has been attracting considerable interest in the last decade. To handle ABSA in different scenarios, various tasks are introduced for analyzing different sentiment elements and their relations, including the aspect term, aspect category, opinion term, and sentiment polarity. Unlike early ABSA works focusing on a single sentiment element, many compound ABSA tasks involving multiple elements have been studied in recent years for capturing more complete aspect-level sentiment information. However, a systematic review of various ABSA tasks and their corresponding solutions is still lacking, which we aim to fill in this survey. More specifically, we provide a new taxonomy for ABSA which organizes existing studies from the axes of concerned sentiment elements, with an emphasis on recent advances of compound ABSA tasks. From the perspective of solutions, we summarize the utilization of pre-trained language models for ABSA, which improved the performance of ABSA to a new stage. Besides, techniques for building more practical ABSA systems in cross-domain/lingual scenarios are discussed. Finally, we review some emerging topics and discuss some open challenges to outlook potential future directions of ABSA.",253706549,272,195,,
10.1108/ijppm-04-2022-0200,Metrics for measuring industrial sustainability performance in small and medium-sized enterprises,"Azemeraw Tadesse Mengistu, Roberto Panizzolo, Azemeraw Tadesse Mengistu, Roberto Panizzolo",International Journal of Productivity and Performance Management,2023,"Purpose This paper aims to identify and empirically analyze useful and applicable metrics for measuring and managing the sustainability performance of small and medium-sized enterprises (SMEs). Design/methodology/approach To achieve the objective of the paper, potential metrics were adopted from previous research related to industrial sustainability and an empirical analysis was carried to assess the applicability of the metrics by collecting empirical data from Italian footwear SMEs using a structured questionnaire. The SMEs were selected using a convenience sampling method. Findings The results of the within-case analysis and the cross-case analysis indicate that the majority of the metrics were found to be useful and applicable to each of the SMEs and across the SMEs, respectively. These metrics emphasized measuring industrial sustainability performance related to financial benefits, costs and market competitiveness for the economic sustainability dimension; resources for the environmental sustainability dimension; and customers, employees and the community for the social sustainability dimension. Research limitations/implications Apart from the within-case analysis and cross-case analysis, it was not possible to conduct statistical analysis since a small number of SMEs were accessible to collect empirical data. Originality/value The findings of the paper have considerable academic, managerial and policy implications and will provide a theoretical basis for future research on measuring and managing industrial sustainability performance. By providing a set of empirically supported metrics based on the triple bottom line approach (i.e. economic, environmental and social metrics), this paper contributes to the existing knowledge in the field of industrial sustainability performance measurement.",254451417,17,56,,
10.54941/ahfe1002916,A decision support system architecture for the development and implementation of ESG strategies at SMEs,"Evangelos Markopoulos, Haseena Al Katheeri, Hamdan Al Qayed, Evangelos Markopoulos, Haseena Al Katheeri, Hamdan Al Qayed",AHFE International,2023,"Strategic management and business development can be delivered easier in large scale organizations and Multinational Enterprisers (MNEs) due to their excess in human resources, expertise and time orientation. Small and Medium Size Enterprises (SMEs) on the other hand operate in unpredicted environments, with limited resources aiming for their survival first and then their development. The contrast between the two types of enterprises seems chaotic in numbers but not in plans and intentions. The contribution of the MNEs to national economies and impact to the society and the environment can be measured with a variety of standards, metrics and practices such as Corporate Social Responsibility (CSR), the Environmental, Social and Governance Index (ESG), the Social Responsible Investments (SRI) and other. On the other hand, SMEs that also have direct impact to the society, the local and regional economy, the employment, and offer the same, if not more, opportunities to their limited human resources in terms of skills development and effort recognition, cannot record and report such actions, plans and strategies and recognized for their responsible management and leadership. The ESG criteria help organizations develop reputational capital that evolves into financial capital. However, the effort and investments needed to score on the ESG indexes is forbidden for the SMEs who intentionally or intention successfully delivering ESG activities, in a smaller scale, without a system to record and report them. This paper introduces the core design of a decision support system that guides SMEs to maps their operations against the ESG criteria. An extensive literature review has been conducted to identity software systems that coordinate, propose and support ESG activities and analyze elements of such systems that can be extracted for the development of a light system. Such a system, with the relevant enhancements, presented in this paper can be useful tool for the SMEs to report their ESG performance. The system functions as an assessment tool providing a staged evaluation of the SMEs activities, identifies ESG gaps and proposes actions needed to fulfill the requirements of ESG criteria. The final output of the system graphs the distance between the current and the target stage of the SME on the most common ESG criteria. However, the proposed system does not evaluate the scale of each ESG activity implementation but its existence in the SME operations and the degree of its adaptation. The paper also highlights the pre and post conditions for the utilization of the proposed technology using a process map, the social economic impact, research limitations and areas of further research. The goal of this research is to indicate that SMEs can and should be awarded ESG scores as well. For this SMEs can use such supportive technologies to direct them towards ESG compliance, and report achievements and contributions that can help them attract investments needed for them to keep on delivering a greater contribution the local, and why not international, economy and society.",254586100,1,0,,
10.3390/cancers15061853,Replication of Real-World Evidence in Oncology Using Electronic Health Record Data Extracted by Machine Learning,"C. Benedum, A. Sondhi, E. Fidyk, A. Cohen, Sheila Nemeth, B. Adamson, M. Estévez, S. Bozkurt",Cancers,2023,"Simple Summary Obtaining and structuring information about the characteristics, treatments, and outcomes of people living with cancer for research purposes is difficult and resource-intensive. Oftentimes, this information can only be found in electronic health records (EHRs). In response, researchers use natural language processing with machine learning (ML extraction) techniques to extract information at scale. This study evaluated the quality and fitness-for-use of EHR-derived oncology data curated using ML extraction, relative to the standard approach, abstraction by trained experts. Using patients with lung cancer from a real-world database, we performed replication analyses demonstrating common analyses conducted in observational research. Eligible patients were selected into biomarker- and treatment-defined cohorts, first with expert-abstracted then with ML-extracted data. The study’s results and conclusions were similar regardless of the data curation method used. These results demonstrate that high-performance ML-extracted variables trained on expert-abstracted data can achieve similar results as when using abstracted data, unlocking the ability to perform oncology research at scale. Abstract Meaningful real-world evidence (RWE) generation requires unstructured data found in electronic health records (EHRs) which are often missing from administrative claims; however, obtaining relevant data from unstructured EHR sources is resource-intensive. In response, researchers are using natural language processing (NLP) with machine learning (ML) techniques (i.e., ML extraction) to extract real-world data (RWD) at scale. This study assessed the quality and fitness-for-use of EHR-derived oncology data curated using NLP with ML as compared to the reference standard of expert abstraction. Using a sample of 186,313 patients with lung cancer from a nationwide EHR-derived de-identified database, we performed a series of replication analyses demonstrating some common analyses conducted in retrospective observational research with complex EHR-derived data to generate evidence. Eligible patients were selected into biomarker- and treatment-defined cohorts, first with expert-abstracted then with ML-extracted data. We utilized the biomarker- and treatment-defined cohorts to perform analyses related to biomarker-associated survival and treatment comparative effectiveness, respectively. Across all analyses, the results differed by less than 8% between the data curation methods, and similar conclusions were reached. These results highlight that high-performance ML-extracted variables trained on expert-abstracted data can achieve similar results as when using abstracted data, unlocking the ability to perform oncology research at scale.",255383214,22,38,,
10.1111/joms.12920,Floodlight or Spotlight? Public Attention and the Selective Disclosure of Environmental Information,"Shawn Pope, Jonathan Peillex, Imane El Ouadghiri, Mathieu Gomes",Journal of Management Studies,2023,"To meet growing demands for information on their environmental impacts, firms may engage in selective disclosure by strategically reporting only a subset of relevant data. In this article, we draw out and problematize an antecedent to selective disclosure, public attention. Prior studies suggest that public attention brings scrutiny that reduces selective disclosure by increasing the risk of getting caught (the floodlight thesis). The impression management literature, however, suggests that public attention offers the possibility of broad-based image benefits from the disclosure of strategically filtered data (the spotlight thesis). Panel regressions with Trucost data from 2008–19 provide overall support for the spotlight thesis as well as a negative moderator, environmental damage. Results also point to an underlying mechanism: Companies receiving public attention disclose a larger number of environmental metrics, but not ones that, altogether, represent more environmental damage, a tactic that we call strategic fluffing.",257615314,53,80,,
10.48550/arxiv.2012.14740,"LayoutLMv2: Multi-modal Pre-training for Visually-Rich Document
  Understanding","Yang Xu, Yiheng Xu, Tengchao Lv, Lei Cui, Furu Wei, Guoxin Wang, Yijuan Lu, Dinei Florencio, Cha Zhang, Wanxiang Che, Min Zhang, Lidong Zhou",arXiv (Cornell University),2020,"Pre-training of text and layout has proved effective in a variety of visually-rich document understanding tasks due to its effective model architecture and the advantage of large-scale unlabeled scanned/digital-born documents. We propose LayoutLMv2 architecture with new pre-training tasks to model the interaction among text, layout, and image in a single multi-modal framework. Specifically, with a two-stream multi-modal Transformer encoder, LayoutLMv2 uses not only the existing masked visual-language modeling task but also the new text-image alignment and text-image matching tasks, which make it better capture the cross-modality interaction in the pre-training stage. Meanwhile, it also integrates a spatial-aware self-attention mechanism into the Transformer architecture so that the model can fully understand the relative positional relationship among different text blocks. Experiment results show that LayoutLMv2 outperforms LayoutLM by a large margin and achieves new state-of-the-art results on a wide variety of downstream visually-rich document understanding tasks, including FUNSD (0.7895 $\to$ 0.8420), CORD (0.9493 $\to$ 0.9601), SROIE (0.9524 $\to$ 0.9781), Kleister-NDA (0.8340 $\to$ 0.8520), RVL-CDIP (0.9443 $\to$ 0.9564), and DocVQA (0.7295 $\to$ 0.8672). We made our model and code publicly available at \url{https://aka.ms/layoutlmv2}.",257688081,12,16,,
10.3390/engproc2023039062,Improving the Accuracy of Firm Failure Forecasting Using Non-Financial Variables: The Case of Croatian SME,"Tamara Kuvek, Ivica Pervan, Maja Pervan",ITISE 2023,2023,"Empirical findings based on a bivariate logistic regression model with two SME categories (successful and failed) indicate that by adding non-financial indicators to the model based on financial variables, the accuracy of forecasting increases significantly. Namely, the total classification error decreases by an average of 26.99%, while the AUROC value increases by an average of 7.33%. In the additional model, with three firm categories (successful, sensitive, and failed), the findings reveal that one financial variable (self-financing) and three non-financial variables (orderly settlement of obligations, export, and age) significantly explain the occurrence of the early stage of SME failure.",263289698,1,24,,
10.1108/sampj-07-2022-0365,Evaluating the outcome effectiveness of the global reporting initiative transitions,"Ramona Zharfpeykan, C. Akroyd","Sustainability Accounting, Management and Policy Journal",2023,"
Purpose
This paper aims to evaluate the outcome effectiveness of the global reporting initiatives (GRI) transitions by understanding how companies have responded to the changes from G3.1 to G4 and finally to the GRI Standards.


Design/methodology/approach
A quality disclosure score is developed that incorporates assessments of both the quality of disclosures and the materiality of Australian companies. To analyse materiality, survey data were collected from 187 companies. Disclosure scores are based on a content analysis of the sustainability reports of 12 mining and metals companies and 12 financial services companies that used the GRI Standards from 2011 to 2019 (a total of 213 reports).


Findings
The study found that the GRI transitions have not led to companies improving the quality of their disclosures on areas considered important for them to achieve their social and environmental goals. Instead, the companies tended to use a greenwashing strategy, where the quality of disclosure of material issues declined or fluctuated over time.


Practical implications
From a practical perspective, the disclosure score developed in this paper enables managers of companies to recognize a threshold of completeness and to summarize the areas that are not materially relevant to their business.


Social implications
The results are potentially helpful for investors, shareholders and other stakeholders, enabling them to better understand sustainability reports.


Originality/value
This study contributes to the body of research in sustainability reporting by providing evidence on the outcome effectiveness of the latest updates in the GRI framework.
",263308661,18,49,,
10.54941/ahfe1004075,An organizational and operational capability and maturity assessment for SMEs in emerging markets towards the ESG criteria adaptation,"Haseena Alkatheeri, Evangelos Markopoulos, Hamdan Hamdan Al-qayed",AHFE international,2023,"SMEs are considered the backbone of every economy forming nearly 95% of the private sector globally. As they are mostly family businesses, start-ups or specialized enterprises, they operate mainly locally or regionally with a direct impact to the society, the, employment and the national economy. On the other hand, due to their limited size and operations they cannot afford the cost and effort needed for long term planning and strategy development that can secure the value, volume, reputation and recognition needed to attract investments. The ESG criteria can be considered as a privilege system primarily for the large-scale organizations and the Multinational Enterprises whose financial and human resources can be easier allocated on ESG activities that return serious financial and reputational benefits. Research indicates that more than 90% of the investors invest only in companies with high social and sustainable profiles. The message from investors and consumers is that if companies cant show any sign of changing their business models, they wont be able to sell. The same applies at country level. Finland for example does not offer any business opportunities to any company that does not have a solid and proven sustainability strategy and track record. This trend, for clients and investors, to consider only Green (sustainable) or Pink (Social) products and companies for their purchases and investments, drives all types of organizations towards that adaptation of the ESG criteria. However, and since such a strategy requires investments, resources, funds and time that only Multinational organizations can provide, SMEs are left out from any opportunity to develop, grow, and compete. This paper highlights this ESG discrimination among the SMEs and MNEs and intends to bridge this gap by identifying, in a smaller scale, activities that reflect the ESG criteria and can be implemented by the SMEs at organizational and operational level. Such an approach provides SMEs the opportunity to record, report and receive credit, visibility and recognition for their sustainable, social and ethical governance efforts and actions, that can potentially enlarge their customer base and attract the investments needed to further develop themselves. The proposed approach is based on an assessment that creates an SME ESG roadmap framework for the SMEs to initially identify their ESG awareness and maturity before adopting any ESG related strategy and commitment. The assessment highlights the SMEs capability and maturity to adopt such a mid-range strategy and align their operations with the ESG criteria on a smaller scale. The results of the assessment formulate an achievable ESG related strategy for each SME, identify the key ESG activities to be implemented, indicate their order of execution, and predict a performance score upon the completion of the proposed strategy. This score can be utilized by SMES to receive social, reputational and financial recognition for their contribution to the local and regional society and economy. To secure the relevance of the SMEs ESG oriented activities with the actual ESG requirements, the proposed approach has been developed after studying several ESG reporting and scoring methodologies such as the Refinitiv, FTSE Russel, BHI, and others, and extractive the most relevant ESG requirements and metrics that can be implemented and measured with the abilities of an SME.Due to the significant variations of the SMEs operations, the proposed framework is targeted primarily to SMEs in emerging markets where the economic development and a structured business environments can help such a novel approach in SMEs strategic management and leadership.",263746652,1,0,,
10.1007/s10479-023-05514-z,ESG ratings explainability through machine learning techniques,"Alessandro Del Vitto, Daniele Marazzina, Davide Stocco",Annals of Operations Research,2023,"Environmental, Social, and Governance (ESG) scores are quantitative assessments of companies’ commitment to sustainability that have become extremely popular tools in the financial industry. However, transparency in the ESG assessment process is still far from being achieved. In fact there is no full disclosure on how the ratings are computed. As a matter of fact, rating agencies determine ESG ratings (as a function of the E, S and G scores) through proprietary models which public knowledge is limited to what the data provider effectively chooses to disclose, that, in many cases, is restricted only to the main ideas and essential principles of the procedure. The goal of this work is to exploit machine learning techniques to shed light on the ESG ratings issuance process. In particular, we focus on the Refinitiv data provider, widely used both from practitioners and from academics, and we consider white-box and black-box mathematical models to reconstruct the E, S, and G ratings’ assessment model. The results show that it is possible to replicate the underlying assessment process with a satisfying level of accuracy, shedding light on the proprietary models employed by the data provider. However, there is evidence of persisting unlearnable noise that even more complex models cannot eliminate. Finally, we consider some interpretability instruments to identify the most important factors explaining the ESG ratings.",263891742,63,25,,
10.1002/csr.2567,"Role of environmental, social, and governance rating data in predicting financial risk and risk management","Jiajia Liu, Zhenzhen Ge, Yahan Wang",Corporate Social Responsibility and Environmental Management,2023,"Traditional industrial enterprises are primarily high pollution enterprises and high energy consumption. The achievement of the “dual carbon” motive in Chinese economic activities and environmental protection plays a chief role incorporating the environmental, social, and governance (ESG) into the risk management system of industrial enterprises. However, the industrial enterprises participating in ESG rating account for 46.97% of the listed enterprises, and the industrial enterprises that pay attention to ESG information disclosure account for 35.77% of the listed enterprises. Is ESG rating essential for the enhancement of industrial enterprises? Based on the transformation and upgrading of industrial enterprises, this research investigates how the ESG rating and ESG information disclosure affect the financial risk of industrial enterprises in China. The findings suggest that: (1) In China for industrial enterprise ESG plays an essential role which results in decrease in financial problems of industrial enterprise. (2) ESG is influential on monetary risk of industrial enterprise, the quality of enterprise ESG information disclosure plays an important intermediary role. (3) The lagging of ESG rating by one period is significantly positive related to the financial risk of industrial enterprises, and the financial risk prediction of industrial enterprises can be effectively indicated by the ESG rating data, which exhibits a stronger correlation coefficient than the existing rating system.",265054951,24,57,,
10.1108/sampj-02-2023-0097,"How will AI text generation and processing impact sustainability reporting? Critical analysis, a conceptual framework and avenues for future research","C. de Villiers, Ruth Dimes, Matteo Molinari","Sustainability Accounting, Management and Policy Journal",2023,"
Purpose
The ability of generative artificial intelligence (AI) tools such as ChatGPT to produce convincing, human-like text has major implications for the future of corporate reporting, including sustainability reporting. As the importance of sustainability reporting continues to grow, this study aims to critically analyse the benefits and pitfalls of automated text generation and processing.


Design/methodology/approach
This study develops a conceptual framework to delineate the field, assess the implications and form the basis for the generation of research questions. This study uses Alvesson and Deetz’s critical framework, considering insight (a review of literature and practice in the field), critique (consideration of the influences on the production and use of non-financial information and the implications for assurers of such information) and transformative redefinition (considering the implications of generative AI for sustainability reporting and proposing a research agenda).


Findings
This study highlights the implications of generative AI for sustainability accounting, reporting, assurance and report usage, including the risk of AI facilitating greenwashing, and the importance of more research on the use of AI for these matters.


Practical implications
The paper highlights to stakeholders the implications of AI for all aspects of sustainability reporting, including accounting, reporting, assurance and usage of reports.


Social implications
The implications of AI need to be understood in society, which this paper facilitates.


Originality/value
This study critically analyses the potential use of AI for sustainability reporting, construct a conceptual framework to delineate the field and develop a research agenda.
",265394994,109,57,,
10.1145/3583780.3615118,DynamicESG: A Dataset for Dynamically Unearthing ESG Ratings from News Articles,"Yu-Min Tseng, Chung-Chi Chen, Hen-Hsen Huang, Hsin-Hsi Chen",International Conference on Information and Knowledge Management,2023,"This paper introduces the DynamicESG dataset, a unique resource for dynamically extracting ESG ratings from news articles. The ESG rating, a novel metric employed annually to gauge a company's sustainability, relies heavily on corporate disclosure and other external information, especially news narratives. Our dataset, comprising a wide spectrum of news over a twelve-year span, annotates articles in accordance with MSCI ESG ratings methodology and SASB standards, with relevance to ESG issues. DynamicESG provides a comprehensive means of investigating the relationship between public discourse, ESG-related events, and subsequent ESG rating adjustments. We detail our data collection, curation, annotation procedure, and inter-rater agreement, ensuring high data quality and usability. Importantly, our dataset includes a temporal dimension, enabling the analysis of longitudinal trends in ESG ratings and their correlation with news coverage. Moreover, the dataset incorporates an opportunity/risk tendency, thus permitting analysis from diverse perspectives to discern if the news is beneficial or detrimental to the company. We believe this dataset will serve as a valuable resource for researchers in fields such as corporate social responsibility, sustainable investing, machine learning, and natural language processing. Initial analysis using the dataset underscores its potential to facilitate new insights into the dynamics of ESG ratings and the influence of news media on these ratings.",265463047,13,18,,
10.48550/arxiv.2309.13297,OATS: Opinion Aspect Target Sentiment Quadruple Extraction Dataset for Aspect-Based Sentiment Analysis,"Siva Uday Sampreeth Chebolu, Franck Dernoncourt, Nedim Lipka, T. Solorio",arXiv.org,2023,"Aspect-based sentiment analysis (ABSA) delves into understanding sentiments specific to distinct elements within a user-generated review. It aims to analyze user-generated reviews to determine a) the target entity being reviewed, b) the high-level aspect to which it belongs, c) the sentiment words used to express the opinion, and d) the sentiment expressed toward the targets and the aspects. While various benchmark datasets have fostered advancements in ABSA, they often come with domain limitations and data granularity challenges. Addressing these, we introduce the OATS dataset, which encompasses three fresh domains and consists of 27,470 sentence-level quadruples and 17,092 review-level tuples. Our initiative seeks to bridge specific observed gaps in existing datasets: the recurrent focus on familiar domains like restaurants and laptops, limited data for intricate quadruple extraction tasks, and an occasional oversight of the synergy between sentence and review-level sentiments. Moreover, to elucidate OATS’s potential and shed light on various ABSA subtasks that OATS can solve, we conducted experiments, establishing initial baselines. We hope the OATS dataset augments current resources, paving the way for an encompassing exploration of ABSA (https://github.com/RiTUAL-UH/OATS-ABSA).",265690657,1,40,,
10.48550/arxiv.2310.05628,Glitter or gold? Deriving structured insights from sustainability reports via large language models,"Marco Bronzini, Carlo Nicolini, B. Lepri, Andrea Passerini, Jacopo Staiano",arXiv.org,2023,"Over the last decade, several regulatory bodies have started requiring the disclosure of non-financial information from publicly listed companies, in light of the investors’ increasing attention to Environmental, Social, and Governance (ESG) issues. Publicly released information on sustainability practices is often disclosed in diverse, unstructured, and multi-modal documentation. This poses a challenge in efficiently gathering and aligning the data into a unified framework to derive insights related to Corporate Social Responsibility (CSR). Thus, using Information Extraction (IE) methods becomes an intuitive choice for delivering insightful and actionable data to stakeholders. In this study, we employ Large Language Models (LLMs), In-Context Learning, and the Retrieval-Augmented Generation (RAG) paradigm to extract structured insights related to ESG aspects from companies’ sustainability reports. We then leverage graph-based representations to conduct statistical analyses concerning the extracted insights. These analyses revealed that ESG criteria cover a wide range of topics, exceeding 500, often beyond those considered in existing categorizations, and are addressed by companies through a variety of initiatives. Moreover, disclosure similarities emerged among companies from the same region or sector, validating ongoing hypotheses in the ESG literature. Lastly, by incorporating additional company attributes into our analyses, we investigated which factors impact the most on companies’ ESG ratings, showing that ESG disclosure affects the obtained ratings more than other financial or company data.",265837353,15,130,,
10.18653/v1/2023.findings-emnlp.193,Reducing Spurious Correlations in Aspect-based Sentiment Analysis with Explanation from Large Language Models,"Qianlong Wang, Keyang Ding, Bin Liang, Min Yang, Ruifeng Xu",Conference on Empirical Methods in Natural Language Processing,2023,"Recently, aspect-based sentiment analysis (ABSA) models have yielded promising results. However, they are susceptible to learning spurious correlations between certain words of the input text and output labels while modeling the sentiment feature of the aspect. This spurious correlation will potentially undermine the performance of ABSA models. One direct so-lution for this problem is to make the model see and learn an explanation of sentiment expression rather than certain words. Motivated by this, we exploit explanations for the sentiment polarity of each aspect from large language models (LLMs) to reduce spurious correlations in ABSA. First, we formulate a prompt template that wraps the sentence, an aspect, and the sentiment label. This template is utilized to prompt LLMs to generate an appropriate explanation that states the sentiment cause. Then, we propose two straightforward yet effective meth-ods to leverage the explanation for preventing the learning of spurious correlations. We conducted extensive comparative experiments on five datasets by integrating them with some representative ABSA models. Results show that our methods can achieve performance gains and enhance the performance and generalization ability of ABSA models.",267077868,11,39,,
10.5604/01.3001.0054.0890,Sustainable performance management in the EU SME sector. A review and analysis of concepts and methods of strategic management accounting,"Brian Jones, Albana Rasha, Joanna Dyczkowska, Tomasz Dyczkowski",Zeszyty Teoretyczne Rachunkowości,2023,"Purpose: The paper’s main objective is to structure the knowledge of the existing regulatory frameworks, projects and actions that support sustainable performance management (SPM) in small and medium-sized enterprises (SMEs) against the backdrop of the growing significance of the circular economy. The paper will also evidence how strategic management accounting (SMA) assists this process, what individual metrics, dashboards or scorecard concepts have been proposed and how their use may be assessed. Methodology/approach: The research methods include (1) a descriptive systematic analysis of the policies established by the policymakers and regulators in the EU, (2) a comparative analysis of various organisations’ initiatives, actions, delivered toolkits and their outputs, and (3) a literature review of the essential works and research studies on sustainable business models (SBMs), circular business models (CBMs) and SPM in the context of SMEs. Findings: The policies established in the EU support SPM by encouraging SMEs to be involved in sustainable business practices and indicating how to embark on a green transition. Recently, multiple initiatives have been aimed at indicating the opportunities the closed-loop economy system offers SMEs. Many toolkits have also been developed to help SMEs measure their sustainable performance. Although this measurement is vital for SMEs, the business practice falls behind the regulatory framework. Therefore, internal initiatives from the SME sector are needed to popularise the sustainability concept. Research limitations/implications: SMEs show lower levels of compliance with environmental requirements and are unaware of how their activities affect the environment. A limitation of the research is that, in many cases, SMEs are not ready to respond properly to the ESG requirements imposed by regulators. The reason may be a lack of knowledge, experience and limited funds. Therefore, future research should focus on recognizing the gaps in this area and identifying what may be impeding the development of sustainability performance management in SMEs. Originality/value: The work presents the evolution path from the traditional business models (TBMs) through the SBMs to innovative CBMs and addresses their distinctive features. It contributes to the existing knowledge about SMA in SMEs by analysing its links with SPM.",267484689,5,10,,
10.3390/su152416872,"esg2go: A Method to Reduce Bias, Improve Coherence, and Increase Practicality of ESG Rating and Reporting","Isa Cakir, Philipp Aerni, Max Bergman, Benjamin Cakir",Sustainability,2023,"Rating agencies that assess a company’s environmental, social, and corporate governance (ESG) impact have been subject to public and academic scrutiny due to divergent and often biased rating outcomes. Concurrently, an evolving regulatory environment mandates publicly listed companies to report on ESG and climate emissions, taking into account supply chain risks as well. As a result, small and medium-sized enterprises (SMEs) are increasingly asked as suppliers to present a credible sustainability certificate. The esg2go rating and reporting system aims at improving the credibility and practicality of corporate sustainability assessment. It was jointly developed with its users and relevant stakeholders and is based on a calibrated benchmarking system from verifiable data. The rating method enables the measurement and comparison of sector- and firm size-specific sustainability performance. Its underlying adaptive parametrization is derived from a coherent and pragmatic definition of SME sustainability as the ‘ability to co-exist’. Our data analyses indicate that our scoring function is able to minimize bias and deliver a fair comparability between SMEs. We conclude that esg2go represents a pragmatic and innovative approach to enhance the fairness and accuracy of corporate sustainability assessment.",267851508,8,46,,
10.1109/bigdata59044.2023.10386798,Detecting Greenwashing in Sustainability Disclosures: A Prediction Model for KOSPI 200 Enterprises using ESG-BERT,"Seonu Kim, Yoel Shin, SeongWoo Park, Semakula Joel, Seon Tae Kim, Joo Hee Oh",BigData Congress [Services Society],2023,"This research is centered on the development of a BERT-based metric for greenwashing, designed to address the existing limitations inherent in ESG assessment methodologies. Unlike standard assessments, ESG-BERT considers real-time policy details and reduces the risk of inaccurate evaluations and greenwashing. We employed ESG-BERT along with financial and environmental data to predict greenwashing among Korean KOSPI200 companies. By using advanced machine learning models like ANN, LR, RF, and XGB, the study found that XGB performs best in predicting greenwashing. Furthermore, the study compares greenwashing predictions between companies with top5 and bottom5 ESG ratings. The results showed better performance for the top 5 companies compared to the bottom 5 companies.",268422550,2,7,,
10.1007/s10994-023-06436-4,Reduced implication-bias logic loss for neuro-symbolic learning,"Haoyuan He, Wang-Zhou Dai, Ming Li, Yu Liu, Yongchang Ma",Machine-mediated learning,2024,"Integrating logical reasoning and machine learning by ap- proximating logical inference with differentiable operators is a widely used technique in Neuro-Symbolic systems. How- ever, some differentiable operators could bring a signiﬁcant bias during backpropagation and degrade the performance of Neuro-Symbolic learning. In this paper, we reveal that this bias, named Implication Bias is common in loss functions derived from fuzzy logic operators. Furthermore, we propose a simple yet effective method to transform the biased loss functions into Reduced Implication-bias Logic Loss (RILL) to address the above problem. Empirical study shows that RILL can achieve signiﬁcant improvements compared with the biased logic loss functions, especially when the knowl- edge base is incomplete, and keeps more robust than the compared methods when labelled data is insufﬁcient.",269046659,4,49,,
10.2139/ssrn.4697807,"Does the Interaction of Informativeness, Readability, and Sentiment within Company’s Sustainability Disclosure Shape an Entity’s ESG Score? – Evidence from Germany","Thorben Bonn, Aurin Gaida-Albers",Social Science Research Network,2024,"The integration of ESG practices in sustainability disclosure as well as the increasingly evolving regulations in the European Union and Germany signify a transformative shift in individual behaviors and corporate dynamics. Thus, the focus on sustainability disclosure by German companies has increased, along with the evaluation of ESG performance through rating agencies. Since sustainability disclosure emphasizes qualitative information, it is not surprising that both, management and analysts, prioritize the textual content of such reports. This leads to the question of how textual elements of a company’s sustainability disclosure are related to analysts’ ESG scores. To address this research question, we analyze sustainability disclosure of companies listed in the German Prime Standard for financial years from 2017 to 2022 in terms of informativeness, readability, and sentiment by using OLS panel regression analyses. Our research contributes to the growing sustainability disclosure literature by referring to companies within the German regulatory framework, utilizing state-of-the-art LLMs FinBERT and FinBERT-ESG, applying various methods for textual analysis. The results of our study suggest that a high level of transparency, precision, and comprehensibility of language are important factors in achieving a superior ESG score.",269287437,0,0,,
10.48550/arxiv.2403.01063,FaiMA: Feature-aware In-context Learning for Multi-domain Aspect-based Sentiment Analysis,"Songhua Yang, Xinke Jiang, Hanjie Zhao, Wenxuan Zeng, Hongde Liu, Yuxiang Jia",International Conference on Language Resources and Evaluation,2024,"Multi-domain aspect-based sentiment analysis (ABSA) seeks to capture fine-grained sentiment across diverse domains. While existing research narrowly focuses on single-domain applications constrained by methodological limitations and data scarcity, the reality is that sentiment naturally traverses multiple domains. Although large language models (LLMs) offer a promising solution for ABSA, it is difficult to integrate effectively with established techniques, including graph-based models and linguistics, because modifying their internal architecture is not easy. To alleviate this problem, we propose a novel framework, Feature-aware In-context Learning for Multi-domain ABSA (FaiMA). The core insight of FaiMA is to utilize in-context learning (ICL) as a feature-aware mechanism that facilitates adaptive learning in multi-domain ABSA tasks. Specifically, we employ a multi-head graph attention network as a text encoder optimized by heuristic rules for linguistic, domain, and sentiment features. Through contrastive learning, we optimize sentence representations by focusing on these diverse features. Additionally, we construct an efficient indexing mechanism, allowing FaiMA to stably retrieve highly relevant examples across multiple dimensions for any given input. To evaluate the efficacy of FaiMA, we build the first multi-domain ABSA benchmark dataset. Extensive experimental results demonstrate that FaiMA achieves significant performance improvements in multiple domains compared to baselines, increasing F1 by 2.07% on average. Source code and data sets are available at https://github.com/SupritYoung/FaiMA.",270348658,8,41,,
10.3390/su16062571,Peeking into Corporate Greenwashing through the Readability of ESG Disclosures,"Peng Hu, Xuming Li, Nian Li, Yiying Wang, Derek D. Wang",Sustainability,2024,"Faced with the widespread issue of greenwashing, there is a pressing need for an effective approach to assess the extent of corporate involvement in such hypocritical practices. This study aims to address this concern by examining the association between corporate ESG disclosures’ readability and greenwashing. We gauge the readability using a modified Fog Index and construct a company’s peer-relative greenwashing score based on data from third-party databases. The empirical analysis reveals a negative relationship between the level of corporate greenwashing and the readability of its ESG disclosures, suggesting that companies whose ESG disclosures are more readable are less likely to engage in greenwashing. This negative relationship is particularly pronounced in companies characterized by higher levels of information asymmetry. However, the relationship is weaker after 2018, when the “Code of Corporate Governance for Listed Companies” was implemented. In conclusion, our research highlights the significance of ESG disclosure readability in effectively conveying and predicting corporate greenwashing practices. This study provides valuable insights for investors seeking to evaluate corporate performance and make well-informed investment decisions.",270618027,12,87,,
10.1007/978-3-031-56435-2_8,GreenScreen: A Multimodal Dataset for Detecting Corporate Greenwashing in the Wild,"Ujjwal Sharma, Stevan Rudinac, Joris Demmers, Willemijn van Dolen, Marcel Worring",Lecture Notes in Computer Science,2024,"""Greenwashing, a form of deceptive marketing where organizations attempt to convince consumers that their offerings and operations are environmentally sound, can cause lasting damage to sustainability efforts by confusing consumers and eroding trust in genuine pro-sustainability actions. Nonetheless, capturing greenwashing """"in the wild"""" remains challenging because greenwashed content frequently employs subliminal messaging through abstract semantic concepts that require subjective interpretation and contextualization within the context of the parent company's actual environmental performance. Moreover",270659981,3,12,,
10.1108/mrr-07-2023-0526,Decoding mood of the Twitterverse on ESG investing: opinion mining and key themes using machine learning,"Rachana Jaiswal, Shashank Gupta, A. Tiwari",Management Research Review,2024,"Purpose
Grounded in the stakeholder theory and signaling theory, this study aims to broaden the research agenda on environmental, social and governance (ESG) investing by uncovering public sentiments and key themes using Twitter data spanning from 2009 to 2022.

Design/methodology/approach
Using various machine learning models for text tonality analysis and topic modeling, this research scrutinizes 1,842,985 Twitter texts to extract prevalent ESG investing trends and gauge their sentiment.

Findings
Gibbs Sampling Dirichlet Multinomial Mixture emerges as the optimal topic modeling method, unveiling significant topics such as “Physical risk of climate change,” “Employee Health, Safety and well-being” and “Water management and Scarcity.” RoBERTa, an attention-based model, outperforms other machine learning models in sentiment analysis, revealing a predominantly positive shift in public sentiment toward ESG investing over the past five years.

Research limitations/implications
This study establishes a framework for sentiment analysis and topic modeling on alternative data, offering a foundation for future research. Prospective studies can enhance insights by incorporating data from additional social media platforms like LinkedIn and Facebook.

Practical implications
Leveraging unstructured data on ESG from platforms like Twitter provides a novel avenue to capture company-related information, supplementing traditional self-reported sustainability disclosures. This approach opens new possibilities for understanding a company’s ESG standing.

Social implications
By shedding light on public perceptions of ESG investing, this research uncovers influential factors that often elude traditional corporate reporting. The findings empower both investors and the general public, aiding managers in refining ESG and management strategies.

Originality/value
This study marks a groundbreaking contribution to scholarly exploration, to the best of the authors’ knowledge, by being the first to analyze unstructured Twitter data in the context of ESG investing, offering unique insights and advancing the understanding of this emerging field.
",270757517,34,146,,
10.1145/3647722.3647742,Predicting ESG Ratings by Machine Learning and Analyzing Influencing Factors by XAI,"Jeong-Cheol Choi, Qiuying Chen, Sang-Joon Lee",International Conferences on Software Engineering and Information Management,2024,"This study examines the role of Environmental, Social, and Governance (ESG) management in corporate strategy, particularly focusing on predicting ESG ratings with machine learning. Given the diverse ESG evaluation criteria employed by global rating agencies, there's a need for clear guidelines to facilitate effective ESG management. The research aims to develop an ESG rating prediction model utilizing a triennial compendium of Korean corporate financial data. This process involves a comparative analysis of linear models, tree-based models, and neural network-based models. Additionally, this study explains the importance of various variables by applying SHAP, one of the XAI techniques. The results indicate that XGB is the most effective, achieving an 85.1% F1 score in ESG rating predictions. By understanding how financial factors impact ESG ratings, companies can develop more effective ESG strategies, forming an essential foundation for sustainable growth.",271581953,0,26,,
10.1002/csr.2808,How do firms react to capital market liberalization? Evidence from ESG reporting greenwashing,"Guangrui Liu, Hao Qian, Yong Shi, Deli Yuan, Ming Zhou",Corporate Social Responsibility and Environmental Management,2024,"Based on catering theory, this study employs a difference‐in‐differences model to investigate the impact of capital market liberalization on environmental, social, and governance (ESG) reporting greenwashing using mainland Hong Kong Connection Programs as a quasinatural experiment. Our findings indicate that corporate management increasingly engages in ESG reporting greenwashing in capital market liberalization to cater to foreign investors. This conclusion remains valid after controlling for endogeneity. Mechanistic analysis indicates that investor sentiment increases with capital market liberalization. In response, corporate management intensifies ESG reporting greenwashing to cater to foreign investors, and analysts' focus does not serve as a supervisory mechanism for restraining ESG reports greenwashing. Heterogeneity tests demonstrate that ESG reports greenwashing within the capital market diminishes for mandatory disclosure and state‐owned firms. However, ESG reports greenwashing intensifies among firms facing high financing constraints amid capital market liberalization. Overall, we identify a significant catering effect on ESG reporting amid capital market liberalization, offering a novel theoretical framework on greenwashing in ESG disclosures.",271695946,37,63,,
10.3390/computers13040092,The Explainability of Transformers: Current Status and Directions,"Paolo Fantozzi, Maurizio Naldi",De Computis,2024,"An increasing demand for model explainability has accompanied the widespread adoption of transformers in various fields of applications. In this paper, we conduct a survey of the existing literature on the explainability of transformers. We provide a taxonomy of methods based on the combination of transformer components that are leveraged to arrive at the explanation. For each method, we describe its mechanism and survey its applications. We find out that attention-based methods, both alone and in conjunction with activation-based and gradient-based methods, are the most employed ones. A growing attention is also devoted to the deployment of visualization techniques to help the explanation process.",272122659,30,0,,
10.1145/3663674,"Learning Dynamic Multimodal Network Slot Concepts from the Web for Forecasting Environmental, Social and Governance Ratings","Gary (Ming) Ang, Ee-Peng Lim",ACM Transactions on the Web,2024,"Dynamic multimodal networks are networks with node attributes from different modalities where the attributes and network relationships evolve across time, i.e., both networks and multimodal attributes are dynamic; for example, dynamic relationship networks between companies that evolve across time due to changes in business strategies and alliances, which are associated with dynamic company attributes from multiple modalities such as textual online news, categorical events, and numerical financial-related data. Such information can be useful in predictive tasks involving companies. Environmental, social, and governance (ESG) ratings of companies are important for assessing the sustainability risks of companies. The process of generating ESG ratings by expert analysts is, however, laborious and time-intensive. We thus explore the use of dynamic multimodal networks extracted from the web for forecasting ESG ratings. Learning such dynamic multimodal networks from the web for forecasting ESG ratings is, however, challenging due to its heterogeneity and the low signal-to-noise ratios and non-stationary distributions of web information. Human analysts cope with such issues by learning concepts from past experience through relational thinking and scanning for such concepts when analyzing new information about a company. In this article, we propose the Dynamic Multimodal Slot Concept Attention-based Network (DynScan) model. DynScan utilizes slot attention mechanisms together with slot concept alignment and disentanglement loss functions to learn latent slot concepts from dynamic multimodal networks to improve performance on ESG rating forecasting tasks. DynScan is evaluated on forecasting tasks on six datasets, comprising three ESG ratings across two sets of companies. Our experiments show that DynScan outperforms other state-of-the-art models on these forecasting tasks. We also visualize the slot concepts learned by DynScan on five synthetic datasets and three real-world datasets and observe distinct and meaningful slot concepts being learned by DynScan across both synthetic and real-world datasets.",273781268,1,74,,
10.31410/itema.2023.167,A Short Guidance for SME Sustainability Reporting at the EU Level,"Dominika P. Gałkiewicz, Veronika Gaßner","International Scientific Conference ITEMA. Recent Advances in Information Technology, Tourism, Economics, Management and Agriculture",2023,"Environment, Social and Governance (ESG) related regulations such as the Non-Financial Reporting Directive (NFRD) or the upcoming Tax­onomy Regulation of the European Union (EU) combined with the Corporate Sustainability Reporting Directive (CSRD) had and will have a lasting impact on various market participants including small and medium-sized enterpris­es (SMEs). Among these market participants, SMEs face difficulties in comply­ing with sustainability reporting due to limited resources and the absence of SME-specific guidelines. To address this issue, a framework for SME sustain­ability reporting in the EU is proposed in this study. The framework consists of a seven-step process that helps companies and stakeholders prioritize rele­vant sustainability topics. The proposed framework is easy to implement and cost-effective, considering the unique characteristics and capabilities of SMEs. The study targets managing directors and decision-makers of German SMEs to assist them in preparing their sustainability reports. The minimum content elements for SME sustainability reporting include general disclosures, climate change, own workforce, and materiality assessment. The European Financial Reporting Advisory Group (EFRAG) plans to provide a digital questionnaire for SMEs to gather the necessary information. Proactive sustainability reporting can help SMEs improve stakeholder relations and optimize their internal pro­cesses, leading to competitive advantages and cost savings. However, it is im­portant to note that authenticity, high quality, and transparency in disclos­ing sustainability aspects are crucial to avoid reputational damage resulting from greenwashing.",274134849,0,3,,
10.1109/access.2024.3426329,Uncovering Concerns of Citizens Through Machine Learning and Social Network Sentiment Analysis,"Sandra Kumi, Charles Snow, Richard K. Lomotey, R. Deters",IEEE Access,2024,"Artificial Intelligence and Machine Learning (AI/ML) as analytical tools can be applied across multiple social domains. Thus, these tools are being deployed in several ways to address societal issues and concerns for “social good”. For instance, AI/ML has applicable use cases for crisis response, economic empowerment, educational demands, environmental challenges, equality and inclusion, health and hunger, and security and justice. In this work, we seek to explore the power and capability of AI/ML in understanding citizens’ engagement, which can improve governance and smart city deployment. Specifically, we studied the views expressed by online users about the city of Saskatoon in Canada. The analyzed views have become a value chain that community leaders can use to improve the governance structure of the city. In the study, we extracted 114,390 comments from Reddit (i.e., Saskatoon subreddit posts) between January 1, 2019, and September 20, 2023, to discover topics to highlight citizens’ concerns. We compare the performance of three major topic models, namely, Latent Dirichlet Allocation (LDA), Non-negative Matrix Factorization (NMF), and BERTopic with a K-means clustering algorithm in the discovery of topics from the collected Reddit comments. The BERTopic with the K-means clustering algorithm achieved the highest coherence score of approximately 0.64 in the extraction of 25 topics from the dataset. Our findings showed that BERTopic can discover coherent and diverse topics compared to LDA and NMF. We found 12 underlying themes by merging related topics. Also, we leveraged SiEBERT (a pre-trained transformer model), 4 supervised ML models, and VADER (a lexical sentiment analysis classifier) to identify the sentiments expressed in each theme. The SiEBERT model outperformed the other sentiment classifiers with an accuracy of 89% in the prediction of sentiments. The research discovered factors for smart city engagement such as Housing and Facilities, Education, Downtown Development, Tourism and Entertainment, Policing, Healthcare, Online Community, and Cost.",274709081,11,0,,
10.1007/s40860-024-00231-1,Surveying neuro-symbolic approaches for reliable artificial intelligence of things,"Zhen Lu, Imran Uddin Afridi, Hong Jin Kang, Ivan Ruchkin, Xi Zheng",Journal of Reliable Intelligent Environments,2024,"Abstract The integration of Artificial Intelligence (AI) with the Internet of Things (IoT), known as the Artificial Intelligence of Things (AIoT), enhances the devices’ processing and analysis capabilities and disrupts such sectors as healthcare, industry, and oil. However, AIoT’s complexity and scale are challenging for traditional machine learning (ML). Deep learning offers a solution but has limited testability, verifiability, and interpretability. In turn, the neuro-symbolic paradigm addresses these challenges by combining the robustness of symbolic AI with the flexibility of DL, enabling AI systems to reason, make decisions, and generalize knowledge from large datasets better. This paper reviews state-of-the-art DL models for IoT, identifies their limitations, and explores how neuro-symbolic methods can overcome them. It also discusses key challenges and research opportunities in enhancing AIoT reliability with neuro-symbolic approaches, including hard-coded symbolic AI, multimodal sensor data, biased interpretability, trading-off interpretability, and performance, complexity in integrating neural networks and symbolic AI, and ethical and societal challenges.",275153698,40,183,,
10.1007/s10462-024-10854-8,Explainable artificial intelligence (XAI) in finance: a systematic literature review,"Jurgita Černevičienė, Audrius Kabašinskas",Artificial Intelligence Review,2024,"Abstract As the range of decisions made by Artificial Intelligence (AI) expands, the need for Explainable AI (XAI) becomes increasingly critical. The reasoning behind the specific outcomes of complex and opaque financial models requires a thorough justification to improve risk assessment, minimise the loss of trust, and promote a more resilient and trustworthy financial ecosystem. This Systematic Literature Review (SLR) identifies 138 relevant articles from 2005 to 2022 and highlights empirical examples demonstrating XAI's potential benefits in the financial industry. We classified the articles according to the financial tasks addressed by AI using XAI, the variation in XAI methods between applications and tasks, and the development and application of new XAI methods. The most popular financial tasks addressed by the AI using XAI were credit management, stock price predictions, and fraud detection. The three most commonly employed AI black-box techniques in finance whose explainability was evaluated were Artificial Neural Networks (ANN), Extreme Gradient Boosting (XGBoost), and Random Forest. Most of the examined publications utilise feature importance, Shapley additive explanations (SHAP), and rule-based methods. In addition, they employ explainability frameworks that integrate multiple XAI techniques. We also concisely define the existing challenges, requirements, and unresolved issues in applying XAI in the financial sector.",275233959,118,210,,
10.1609/aaai.v34i05.6383,"Knowing What, How and Why: A Near Complete Solution for Aspect-based Sentiment Analysis","Haiyun Peng, Lu Xu, Lidong Bing, Fei Huang, Wei Lu, Luo Si",AAAI Conference on Artificial Intelligence,2019,"Target-based sentiment analysis or aspect-based sentiment analysis (ABSA) refers to addressing various sentiment analysis tasks at a fine-grained level, which includes but is not limited to aspect extraction, aspect sentiment classification, and opinion extraction. There exist many solvers of the above individual subtasks or a combination of two subtasks, and they can work together to tell a complete story, i.e. the discussed aspect, the sentiment on it, and the cause of the sentiment. However, no previous ABSA research tried to provide a complete solution in one shot. In this paper, we introduce a new subtask under ABSA, named aspect sentiment triplet extraction (ASTE). Particularly, a solver of this task needs to extract triplets (What, How, Why) from the inputs, which show WHAT the targeted aspects are, HOW their sentiment polarities are and WHY they have such polarities (i.e. opinion reasons). For instance, one triplet from “Waiters are very friendly and the pasta is simply average” could be (‘Waiters’, positive, ‘friendly’). We propose a two-stage framework to address this task. The first stage predicts what, how and why in a unified model, and then the second stage pairs up the predicted what (how) and why from the first stage to output triplets. In the experiments, our framework has set a benchmark performance in this novel triplet extraction task. Meanwhile, it outperforms a few strong baselines adapted from state-of-the-art related methods.",275995521,330,3,,
10.1145/3394486.3403172,LayoutLM: Pre-training of Text and Layout for Document Image Understanding,"Yiheng Xu, Minghao Li, Lei Cui, Shaohan Huang, Furu Wei, Ming Zhou",Knowledge Discovery and Data Mining,2019,"Pre-training techniques have been verified successfully in a variety of NLP tasks in recent years. Despite the widespread use of pre-training models for NLP applications, they almost exclusively focus on text-level manipulation, while neglecting layout and style information that is vital for document image understanding. In this paper, we propose the LayoutLM to jointly model interactions between text and layout information across scanned document images, which is beneficial for a great number of real-world document image understanding tasks such as information extraction from scanned documents. Furthermore, we also leverage image features to incorporate words' visual information into LayoutLM. To the best of our knowledge, this is the first time that text and layout are jointly learned in a single framework for document-level pre-training. It achieves new state-of-the-art results in several downstream tasks, including form understanding (from 70.72 to 79.27), receipt understanding (from 94.02 to 95.24) and document image classification (from 93.07 to 94.42). The code and pre-trained LayoutLM models are publicly available at https://aka.ms/layoutlm.",276052172,714,2,,
10.1108/cfri-02-2024-0079,Public attention and “Environmental Disclosure Greenwashing”: pressure from oversight or incentive from legitimacy,"Yiqiang Zhou, Lianghua Chen",China Finance Review International,2024,"PurposeThis study aims to investigate whether public attention influences corporate decisions on environmental disclosure, thereby revealing how society perceives and understands environmental issues and how corporations respond to these expectations.Design/methodology/approachWe selected publicly listed Chinese firms as our sample. An “Environmental Disclosure Greenwashing” (EDG) Index was developed through textual analysis of their annual reports using natural language processing. Financial data were obtained from the CSMAR database, and multivariate regression was used for analysis.FindingsThe impact of public attention on EDG primarily manifests as an oversight pressure effect rather than a legitimacy incentive effect. As public attention intensifies, firms tend to adopt more substantial environmental actions instead of merely symbolic environmental disclosures. Formal regulatory frameworks might inadvertently trigger corporate EDG, but public attention can correct the adverse effects possibly introduced by formal regulations. Notably, in firms facing lower institutional pressure, the influence of public attention is more pronounced.Practical implicationsThe evidence suggests that public attention reduces corporate EDG. These findings have significant implications for the regulation of environmental disclosures among firms in emerging economies.Originality/valueThe study integrates research in environmental disclosure with the concept of “greenwashing”, unveiling the limitations of the “disclosure as governance” viewpoint. It elucidates the impact of an informal external oversight mechanism (i.e. public attention) on complex corporate environmental disclosure decisions.",278185031,16,105,,
10.1109/iccv48922.2021.00103,DocFormer: End-to-End Transformer for Document Understanding,"Srikar Appalaraju, Bhavan A. Jasani, B. Kota, Yusheng Xie, R. Manmatha",IEEE International Conference on Computer Vision,2021,"We present DocFormer - a multi-modal transformer based architecture for the task of Visual Document Understanding (VDU). VDU is a challenging problem which aims to understand documents in their varied formats (forms, receipts etc.) and layouts. In addition, DocFormer is pre-trained in an unsupervised fashion using carefully designed tasks which encourage multi-modal interaction. DocFormer uses text, vision and spatial features and combines them using a novel multi-modal self-attention layer. DocFormer also shares learned spatial embeddings across modalities which makes it easy for the model to correlate text to visual tokens and vice versa. DocFormer is evaluated on 4 different datasets each with strong baselines. DocFormer achieves state-of-the-art results on all of them, sometimes beating models 4x its size (in no. of parameters).",278271023,348,59,,
10.48550/arxiv.2111.10097,Lexicon-based Methods vs. BERT for Text Sentiment Analysis,"Anastasia Kotelnikova, Danil Paschenko, Klavdiya Bochenina, Evgeny Kotelnikov",arXiv (Cornell University),2021,"The performance of sentiment analysis methods has greatly increased in recent years. This is due to the use of various models based on the Transformer architecture, in particular BERT. However, deep neural network models are difficult to train and poorly interpretable. An alternative approach is rule-based methods using sentiment lexicons. They are fast, require no training, and are well interpreted. But recently, due to the widespread use of deep learning, lexicon-based methods have receded into the background. The purpose of the article is to study the performance of the SO-CAL and SentiStrength lexicon-based methods, adapted for the Russian language. We have tested these methods, as well as the RuBERT neural network model, on 16 text corpora and have analyzed their results. RuBERT outperforms both lexicon-based methods on average, but SO-CAL surpasses RuBERT for four corpora out of 16.",278975974,0,0,,
10.1108/sampj-01-2024-0045,"Environmental, social and governance (ESG) performance and abnormal positive tone","Yang Xin, Jingwei Bao, Kezhen Zhang","Sustainability Accounting, Management and Policy Journal",2024,"
Purpose
The purpose of this study is to explore the relationship between environmental, social and governance (ESG) performance and tone management in the annual report. This is based on the notion that managers, driven by personal interests, may use their ESG accomplishments by using an abnormal positive tone to enhance their reputation or career prospects.


Design/methodology/approach
Using panel data from Chinese listed companies from 2010 to 2022, this study first investigates the relationship between ESG performance and abnormal tone management. The study then uncovers this relationship is mediated through the mechanisms of equity-based incentive and analyst coverage. The conclusions of this paper hold even after a series of robustness tests, such as propensity score matching, Heckman two-stage method and two-stage least squares with instrumental variables.


Findings
This study finds a positive correlation between ESG performance and the presence of abnormal positive tone in annual reports. Furthermore, the mechanistic analysis reveals that managers in companies with strong ESG performance are motivated to use an overly positive tone, largely due to their vested interests in equity-based compensation. Moreover, in an effort to alleviate the pressure stemming from heightened financial analyst coverage and enhance the impression conveyed through analysts' reports, managers with superior ESG performance also tend to inflate the tone within their annual reports.


Practical implications
This study provides significant insights into the ongoing dialogue surrounding ESG-related equity incentives, which incentivize managerial manipulation of stock prices through the use of abnormal positive tone. The findings call upon investors to exercise greater vigilance in examining narrative information in annual reports, as abnormally positive tones may not always faithfully represent performance but rather reflect managerial self-interest.


Social implications
There is an emphasis on the importance of robust oversight mechanisms within corporate governance bodies to curb the manipulation of tone for managers’ personal gain.


Originality/value
This study enhances the theoretical foundation of ESG studies, offering a holistic perspective on the intricate interplay among ESG performance, managerial behavior and financial markets, with potential implications for researchers, investors and regulators.
",279123070,12,173,,
10.1002/csr.3018,"Environmental, social, and governance evaluation for European small and medium enterprises: A multicriteria approach","Diana Barro, Marco Corazza, Gianni Filograsso",Corporate Social Responsibility and Environmental Management,2024,"The exposure to environmental, social, and governance (ESG) risks can be effectively measured by companies to identify opportunities for long‐term sustainable growth, along with the social and environmental impact. This process is crucial for listed small and medium‐sized enterprises (SMEs) wanting additional support in their ESG transition, and for European SMEs it will be required by the implementation of the Corporate Sustainability Reporting Directive (CSRD), starting from 2026. In this contribution, we propose to apply a multicriteria decision aiding approach to assess the sustainability profiles of SMEs. The methodology, which allows the measurements of a firm's ESG efforts (ESGness), is applied to a sample of European‐listed SMEs, controlling for potential sector‐specific effects, in order to understand what is the situation on the ESG front, and to identify ESG leaders and laggards. The model can provide valuable information for the firm, and for a broad spectrum of stakeholders, including policymakers and investors. The obtained rankings show some degree of robustness across different model parameterizations. The benefits of voluntary disclosure of sustainability information are investigated under a prudential scoring framework.",279804943,8,70,,
10.1002/bse.3995,Measuring sustainable transformation of small and medium-sized enterprises using management systems standards,"Raul Carlsson, Т. А. Невзорова",Business Strategy and the Environment,2024,"Small‐ and medium‐sized enterprises (SMEs) represent a significant number of industries in need of moving towards more sustainable development. A sustainability perspective on business activities is today crucial for SMEs to achieve a new level of competitiveness. Identifying which is a suitable set of sustainability indicators for an individual SME is a big challenge. The availability of so many methods and systems can leave SMEs reluctant to implement them in their small business. Therefore, this research aims to create a sustainability maturity model for SMEs to visualize goals and assess progress on their transformation journey. Progress is assessed by indicators, exemplified by indicators of the Global Reporting Initiative and the maturity is verified as stepwise growth along international management system standards. Using the developed model, it is possible to determine the SMEs' sustainability performance. The research has resulted in a stepwise classification of the organization's maturity is compiled into training and auditing material in different regions and sectors.",279864800,4,62,,
10.1007/s42495-022-00084-7,Publisher Correction: Effects of firm-level ESG performance on creditworthiness in Japanese listed companies,"Hiroaki Kambe, Masatoshi Tamamura",International Journal of Economic Policy Studies,2022,(missing abstract),280116292,3,21,,
10.3390/su16219270,Textual Attributes of Corporate Sustainability Reports and ESG Ratings,"Jie Huang, Derek Wang, Yiying Wang",Sustainability,2024,"While the textual attributes of corporate financial documents, such as annual reports, have been extensively analyzed in the academic literature, those of corporate sustainability reports, which serve as a critical channel for nonfinancial disclosure, are relatively under-explored. Given the increasing importance of Environmental, Social, and Governance (ESG) factors in corporate strategy and stakeholder evaluation, understanding the role of textual attributes in sustainability reporting is crucial. This study examines 10,021 hand-collected sustainability reports from Chinese firms between 2009 and 2021, focusing on six key textual attributes: length, readability, tone, boilerplate language, redundancy, and completeness. Using computational linguistics, we analyze how these attributes evolve over time and their impact on ESG ratings provided by both international (MSCI, FTSE) and domestic (SNSI) agencies. Our findings reveal that the length and completeness of sustainability reports significantly influence ESG scores across agencies, demonstrating a shared appreciation for detailed and transparent disclosures. However, international and domestic rating agencies exhibit differing responses to attributes like tone, boilerplate language, and redundancy. These differences highlight variations in evaluation standards, methodologies, and value orientations between global and local stakeholders. The results emphasize the need for firms to tailor their sustainability disclosures to meet diverse stakeholder expectations. This study contributes to the growing body of literature on nonfinancial reporting by providing empirical evidence on how specific textual characteristics of sustainability reports can shape ESG evaluations, offering insights for both corporate communicators and policymakers.",280223053,12,81,,
10.3390/math12213332,Nested Sentiment Analysis for ESG Impact: Leveraging FinBERT to Predict Market Dynamics Based on Eco-Friendly and Non-Eco-Friendly Product Perceptions with Explainable AI,"Aradhana Saxena, A. Santhanavijayan, H. Shakya, Gyanendra Kumar, B. Balusamy, Francesco Benedetto",Mathematics,2024,"In the current era, the environmental component of ESG is recognized as a major driver due to the pressing challenges posed by climate change, population growth, global warming, and shifting weather patterns. The environment must be considered a critical factor, and as evidenced by existing research, it is regarded as the dominant component within ESG. In this study, the ESG score is derived primarily from the environmental score. The increasing importance of the environmental, social, and governance (ESG) factors in financial markets, along with the growing need for sentiment analysis in sustainability, has necessitated the development of advanced sentiment analysis techniques. A predictive model has been introduced utilizing a nested sentiment analysis framework, which classifies sentiments towards eco-friendly and non-eco-friendly products, as well as positive and negative sentiments, using FinBERT. The model has been optimized with the AdamW optimizer, L2 regularization, and dropout to assess how sentiments related to these product types influence ESG metrics. The “black-box” nature of the model has been addressed through the application of explainable AI (XAI) to enhance its interpretability. The model demonstrated an accuracy of 91.76% in predicting ESG scores and 99% in sentiment classification. The integration of XAI improves the transparency of the model’s predictions, making it a valuable tool for decision-making in making sustainable investments. This research is aligned with the United Nations’ Sustainable Development Goals (SDG 12 and SDG 13), contributing to the promotion of sustainable practices and fostering improved market dynamics.",280323341,5,33,,
10.3390/electronics13091719,"Ontology-Driven Architecture for Managing Environmental, Social, and Governance Metrics","Mingqin Yu, F. Rabhi, M. Bandara",Electronics,2024,"The burgeoning significance of environmental, social, and governance (ESG) metrics in realms such as investment decision making, corporate reporting, and risk management underscores the imperative for a robust, comprehensive solution capable of effectively capturing, representing, and analysing the multifaceted and intricate ESG data landscape. Facing the challenge of aligning with diverse standards and utilising complex datasets, organisations require robust systems for the integration of ESG metrics with traditional financial reporting. Amidst this, the evolving regulatory landscape and the demand for transparency and stakeholder engagement present significant challenges, given the lack of standardized ESG metrics in certain areas. Recently, the use of ontology-driven architectures has gained attention for their ability to encapsulate domain knowledge and facilitate integration with decision-support systems. This paper proposes a knowledge graph in the ESG metric domain to assist corporations in cataloguing and navigating ESG reporting requirements, standards, and associated data. Employing a design science methodology, we developed an ontology that serves as both a conceptual foundation and a semantic layer, fostering the creation of an interoperable ESG Metrics Knowledge Graph (ESGMKG) and its integration within operational layers. This ontology-driven approach promises seamless integration with diverse ESG data sources and reporting frameworks, while addressing the critical challenges of metric selection, alignment, and data verification, supporting the dynamic nature of ESG metrics. The utility and effectiveness of the proposed ontology were demonstrated through a case study centred on the International Financial Reporting Standards (IFRS) framework that is widely used within the banking industry.",280947950,10,19,,
10.3390/bdcc8120167,Aspect-Based Sentiment Analysis of Patient Feedback Using Large Language Models,"Omer S. Alkhnbashi, Rasheed Mohammad, M. Hammoudeh",Big Data and Cognitive Computing,2024,"Online medical forums have emerged as vital platforms for patients to share their experiences and seek advice, providing a valuable, cost-effective source of feedback for medical service management. This feedback not only measures patient satisfaction and improves health service quality but also offers crucial insights into the effectiveness of medical treatments, pain management strategies, and alternative therapies. This study systematically identifies and categorizes key aspects of patient experiences, emphasizing both positive and negative sentiments expressed in their narratives. We collected a dataset of approximately 15,000 entries from various sections of the widely used medical forum, patient.info. Our innovative approach integrates content analysis with aspect-based sentiment analysis, deep learning techniques, and a large language model (LLM) to analyze these data. Our methodology is designed to uncover a wide range of aspect types reflected in patient feedback. The analysis revealed seven distinct aspect types prevalent in the feedback, demonstrating that deep learning models can effectively predict these aspect types and their corresponding sentiment values. Notably, the LLM with few-shot learning outperformed other models. Our findings enhance the understanding of patient experiences in online forums and underscore the utility of advanced analytical techniques in extracting meaningful insights from unstructured patient feedback, offering valuable implications for healthcare providers and medical service management.",281453441,3,76,,
10.48550/arxiv.2412.15093,Nano-ESG: Extracting Corporate Sustainability Information from News Articles,"Fabian Billert, Stefan Conrad",arXiv.org,2024,"Determining the sustainability impact of companies is a highly complex subject which has garnered more and more attention over the past few years. Today, investors largely rely on sustainability-ratings from established rating-providers in order to analyze how responsibly a company acts. However, those ratings have recently been criticized for being hard to understand and nearly impossible to reproduce. An independent way to find out about the sustainability practices of companies lies in the rich landscape of news article data. In this paper, we explore a different approach to identify key opportunities and challenges of companies in the sustainability domain. We present a novel dataset of more than 840,000 news articles which were gathered for major German companies between January 2023 and September 2024. By applying a mixture of Natural Language Processing techniques, we first identify relevant articles, before summarizing them and extracting their sustainability-related sentiment and aspect using Large Language Models (LLMs). Furthermore, we conduct an evaluation of the obtained data and determine that the LLM-produced answers are accurate. We release both datasets at https://github.com/Bailefan/Nano-ESG.",282523610,2,0,,
10.1002/ijfe.3096,The Disclosure Fog: Institutional Investors and Corporate Greenwashing,"Fumin Zhu, Haoyuan Fan, Zunxin Zheng",International Journal of Finance &amp; Economics,2025,"Corporate environmental, social, and governance (ESG) disclosure is often a superficial signal rather than something of substance and is an easily negligible form of greenwashing. Here, we explore the relationship between corporate disclosure greenwashing and institutional investors using data from Chinese listed heavily polluting firms from 2012 to 2021. We hypothesise and discover that while institutional investors encourage firms to publish social responsibility reports, they may actually discourage the use of sustainability‐related phrases in these reports. The findings hold even after performing several endogeneity and robustness tests. We also identify three mechanisms through which institutional investors influence corporate greenwashing: corporate governance, information transparency, and corporate operations. Additionally, pressure‐sensitive institutional investors are more likely to facilitate corporate greenwashing than pressure‐insensitive and pressure‐uncertain investors. However, after the Guidance on Building Green Financial System's implementation in 2016, the positive relationship between disclosure greenwashing and institutional investors has rapidly declined. The promotional effect of institutional investor‐induced greenwashing is also lower in state‐owned enterprises. Overall, our findings not only enrich the literature on institutional investors and corporate information disclosure but also have implications for improving the green financial system.",283419958,8,66,,
10.1109/cinti63048.2024.10830823,A Prototype System Using Causal Inference and Machine Learning Models to Estimate ESG Ratings for SMEs,Tsung-Nan Chou,International Symposium on Computational Intelligence and Informatics,2024,"Although numerous environmental, social, and governance (ESG) rating agencies exist globally, different organizations may employ distinct evaluation frameworks and methods, potentially leading to inconsistent or misleading ratings for a given company. Moreover, these rating agencies primarily focus on evaluating publicly listed large-cap companies, rendering their assessment approaches unsuitable for small and medium-sized enterprises (SMEs) that lack sufficient resources to support ESG evaluations. This study aims to develop an SME-specific ESG rating system that integrates both indirect and direct approaches. To facilitate responsible and reliable ESG evaluations, the indirect approach employs causal inference technique to identify the most relevant variables affecting ESG ratings in large listed companies. Subsequently, three machine learning-based predictive models are trained using this data, which are then applied to SMEs with a bridging strategy to derive their potential ESG ratings. The direct approach categorizes SMEs by industry and applies customized ESG performance indicators to assess their actual ESG ratings. Finally, the two rating results are integrated using a weighted formula, accompanied by the implementation of Microsoft Power BI's visualized and interactive features, to establish a transparent, explainable, and interpretable SME-specific ESG rating system.",283468785,0,9,,
10.48550/arxiv.2501.15720,ESGSenticNet: A Neurosymbolic Knowledge Base for Corporate Sustainability Analysis,"Keane Ong, Rui Mao, Frank Xing, Ranjan Satapathy, Johan Sulaeman, Erik Cambria, G. Mengaldo",arXiv.org,2025,"Evaluating corporate sustainability performance is essential to drive sustainable business practices, amid the need for a more sustainable economy. However, this is hindered by the complexity and volume of corporate sustainability data (i.e. sustainability disclosures), not least by the effectiveness of the NLP tools used to analyse them. To this end, we identify three primary challenges - immateriality, complexity, and subjectivity, that exacerbate the difficulty of extracting insights from sustainability disclosures. To address these issues, we introduce ESGSenticNet, a publicly available knowledge base for sustainability analysis. ESGSenticNet is constructed from a neurosymbolic framework that integrates specialised concept parsing, GPT-4o inference, and semi-supervised label propagation, together with a hierarchical taxonomy. This approach culminates in a structured knowledge base of 44k knowledge triplets - ('halve carbon emission', supports,'emissions control'), for effective sustainability analysis. Experiments indicate that ESGSenticNet, when deployed as a lexical method, more effectively captures relevant and actionable sustainability information from sustainability disclosures compared to state of the art baselines. Besides capturing a high number of unique ESG topic terms, ESGSenticNet outperforms baselines on the ESG relatedness and ESG action orientation of these terms by 26% and 31% respectively. These metrics describe the extent to which topic terms are related to ESG, and depict an action toward ESG. Moreover, when deployed as a lexical method, ESGSenticNet does not require any training, possessing a key advantage in its simplicity for non-technical stakeholders.",283973866,3,0,,
10.1002/bsd2.70038,Unveiling the blackbox within ESG ratings' blackbox: Toward a framework for analyzing AI adoption and its impacts,"Felipe Suárez Giri, Teresa Sánchez Chaparro",Business Strategy &amp; Development,2024,"Artificial intelligence (AI) is transforming entire industries at an unprecedented pace. Yet, established technology adoption theories offer limited tools for characterizing business AI integration and analyzing its effects. These primarily focus on the factors facilitating or hindering adoption, rather than on adoption patterns and impacts. This paper introduces a novel conceptual framework to address this key gap and applies it to the case of the ESG rating industry. ESG raters play a pivotal role in sustainable finance, providing metrics that guide investment decisions globally. However, little is known about the extent and nature of their AI usage and its implications. Through a mixed‐methods approach combining the analysis of job postings, patent filings, research publications, and corporate websites, we examine AI adoption among major ESG raters. Our investigation explores the specific AI technologies employed, their functional applications, the innovations developed, the intensity of AI integration, and the potential impacts of raters' AI adoption. Our results reveal widespread and growing AI adoption across the industry. Our findings show that raters extensively leverage Natural Language Processing to streamline data collection, processing, and analysis. Furthermore, they have pioneered Machine Learning innovations that significantly expand their sustainability assessment capabilities in various domains. These findings mark a considerable departure from prior academic and gray literature that characterized major ESG raters as having minimal AI use, prompting critical questions regarding the implications of this technological transformation for ESG ratings' reliability, transparency, and potential biases.",284019092,6,104,,
10.3390/su17041590,Credit Risk Assessment of Green Supply Chain Finance for SMEs Based on Multi-Source Information Fusion,"Huipo Wang, Liu Meng",Sustainability,2025,"As an important pillar of the national economy, the green transformation of SMEs is the key to promoting sustainable economic development. However, SMEs generally face issues such as information opacity and high operational risks, which make it difficult for them to obtain traditional financing support, thereby hindering green development. Green Supply Chain Finance has opened up new financing channels for SMEs, but the accuracy of credit risk evaluation remains a bottleneck that limits its widespread application. This paper constructs a credit risk evaluation index system that integrates multiple sources of information, covering factors such as the situations of SMEs themselves, stakeholder feedback, and expert ratings. It compares and analyzes the performance of the genetic algorithm-optimized random forest model (GA-RF), the BP neural network, the support vector machine, and the logistic regression model in credit risk evaluation. The empirical results indicate that the GA-RF model is significantly better than the other models in terms of accuracy, precision, and F1 score, and has the highest AUC value, making it more effective in identifying credit risk. In addition, the GA-RF model reveals that the asset–liability ratio, the time of establishment, the growth rate of operating revenue, the time of collection of accounts receivable, the return on net assets, and daily shipments are the key indicators affecting the credit risk assessment.",284108770,6,35,,
10.4018/979-8-3373-0117-4.ch007,Harnessing AI and Blockchain in Sustainability Assurance,K. Balaji,IGI Global eBooks,2025,"The integration of artificial intelligence (AI) and blockchain technology is revolutionizing sustainability assurance, setting new benchmarks for transparency, accuracy, and accountability. This article explores current trends and innovative applications of AI and blockchain in verifying corporate sustainability efforts, from automated data analysis to secure, decentralized record-keeping. By leveraging AI for real-time monitoring and data insights, organizations can better track environmental and social impacts, while blockchain ensures data integrity and traceability across supply chains. These advancements enhance stakeholder trust and support regulatory compliance, addressing increasing demands for robust sustainability verification in global markets. Furthermore, the paper discusses challenges such as data privacy and implementation costs, offering insights into the potential long-term impact of these technologies on corporate governance. By examining recent case studies and market trends, this article outlines a future where technology-driven assurance processes.",284550193,2,17,,
10.1007/s41060-024-00641-7,Not all that glitters is green: empirical evidence from the Eurostoxx600 on stakeholders' perception of greenwashing,"Costanza Bosone, Paola Cerchiello, Yana Kostiuk",International Journal of Data Science and Analysis,2024,"Greenwashing refers to the deceptive practice where a company exaggerates or misrepresents the sustainability of its actions or projects. Given the ambiguity surrounding the methodologies behind conventional ratings, we enquire their robustness through the implementation of an alternative comprehensive measure entailing both internally disclosed and externally generated data. We address a notorious critique in greenwashing research—that the entire voluntary CSR approach inadvertently facilitates the diffusion of greenwashing. We make a unique contribution to the statistical methodology by breaking down the difference between internal and external perception of sustainability through regression analysis. We claim that only when the presence of CSR Committees is coupled with tangible initiatives boosting sustainability, both external and internal stakeholders are found to positively evaluate the sustainable commitment of a company.",291125312,1,49,,
10.1016/j.gfj.2025.101225,From corporate responsibility to corporate sustainability: A study of how ESG mitigates corporate default risk using serial mediation analysis,"Naresh Chandra Sahu, Abhisek Mahanta",Global Finance Journal,2025,(missing abstract),294248205,0,88,,
10.1080/07366981.2025.2576328,"FinTech innovation, ESG reporting quality, and information systems risk: Panel data evidence from financial institutions in emerging markets","Khalid Thaher Amayreh, Ibrahim Radwan Alnsour, Mai Hamad Mahmoud Hasoneh, Mohammad Yousef Alghadi, Mohammad Zakaria AlQudah","EDPACS: The EDP Audit, Control, and Security Newsletter",2025,(missing abstract),292400979,1,19,,
10.1016/j.gfj.2025.101225,From corporate responsibility to corporate sustainability: A study of how ESG mitigates corporate default risk using serial mediation analysis,"Naresh Chandra Sahu, Abhisek Mahanta, Nihar Ranjan Jena",Global Finance Journal,2025,(missing abstract),294274748,0,88,,
10.1016/j.jenvman.2025.127661,ESG practice diffusion through corporate networks: A computational analysis of Chinese firms.,"S. Gawusu, Ahmed Dong Shuaib, Mutala Gawusu Sidik",Journal of Environmental Management,2025,(missing abstract),292157531,1,57,,
10.3390/su172411337,"Behavioral Channels Linking Firm Characteristics and Environmental, Social, and Governance Performance: Evidence from Chinese Listed Firms","Zhuyun Xie, Yuan Xu, Yuzhe Xie",Sustainability,2025,"This study examines the effects of firm characteristics on environmental, social, and governance (ESG) performance among A-share firms listed in Shanghai and Shenzhen. Drawing on the resource-based view, legitimacy theory, and agency theory, this study examines both direct and indirect mechanisms connecting corporate profitability, firm size, and ownership concentration to enhance ESG performance. This research employs secondary panel data from the CSMAR, DIB, and WIND databases (13,911 observations) and estimates two-way fixed effects models with firm-clustered standard errors. The outcomes show that profitability, firm size, and ESG performance have positive relationships, but ownership concentration is a negative factor in ESG performance. Market share and managers’ risk preferences mediate the relationship between firm characteristics and ESG performance; however, these effects are interpreted as exploratory due to panel data constraints. Internal control enhances these relationships, which emphasize the importance of the process of sustainability itself. The study provides practical insights that managers, policymakers, or investment firms can apply to improve ESG integration accountability in the emerging markets context.",294485370,0,86,,
10.3390/jrfm19010058,The Role of Artificial Intelligence in Enhancing ESG Disclosure Quality in Accounting,"Jiacheng Liu, Ye Yuan, Zhelun Zhu",Journal of risk and financial management,2026,"As corporate sustainability reporting evolves into a pivotal resource for investors, regulators, and stakeholders, the imperative to evaluate and elevate ESG disclosure quality intensifies amid persistent challenges like opacity, inconsistency, and greenwashing. This review synthesizes interdisciplinary insights from accounting, finance, and computational linguistics on artificial intelligence (AI), particularly natural language processing (NLP) and machine learning (ML), as a transformative force in this domain. We delineate ESG disclosure quality across four operational dimensions: readability, comparability, informativeness, and credibility. By integrating cutting-edge methodological innovations (e.g., transformer-based models for semantic analysis), empirical linkages between AI-extracted signals and market/governance outcomes, and normative discussions on AI’s auditing potential, we demonstrate AI’s efficacy in scaling measurement, harmonizing heterogeneous narratives, and prototyping greenwashing detection. Nonetheless, causal evidence linking managerial AI adoption to stakeholder-perceived enhancements remains limited, compounded by biases in multilingual applications and interpretability deficits. We propose a forward-looking agenda, prioritizing cross-lingual benchmarking, curated greenwashing datasets, AI-assurance pilots, and interpretability standards, to harness AI for substantive, equitable improvements in ESG reporting and accountability.",297490138,0,48,,
10.34659/eis.2025.94.3.1169,Environmental issues and digital transformation in sustainability reporting in enterprises in Poland,Ewa Stawicka,Economics and Environment,2026,"Purpose: The aim of this study is to evaluate the sustainability reporting practices of Polish companies. Methodology: A literature review methodology was employed, utilising a structured and transparent approach based on narrative analysis. The literature search was conducted using two major scientific databases: Scopus and Web of Science, widely recognised as a comprehensive source of peer-reviewed research in various fields. Additionally, the analysis included reports from companies listed in the WIG-ESG index that have prepared sustainability reports. Findings: There is historical diversity in reporting standards. Insufficient data comparability hinders the assessment and comparison of companies from an ESG perspective. At least several technological levels of IT solutions can be distinguished. IT tools are emerging. Adoption of fully advanced solutions, automation, integration, and advanced analytics remains limited. Research Limitations: Conceptual analysis without empirical measurement of implemented solutions. Companies demonstrate a lack of transparency, and many are reluctant to disclose information about the IT tools they use to support non-financial reporting. This limits the ability to obtain a complete picture of the actual state of affairs and compare practices across organisations. The conclusions are theoretical in nature and require further empirical verification in future research. Practical implications: The analysis results indicate a need to increase awareness and transparency regarding the use of IT technologies in the non-financial reporting process. Originality: The aim of the study is to identify IT platforms available on the Polish market that support non-financial reporting. The presented solutions are new, are still largely being tested, and their application in business practice is only just emerging. The analysis conducted in this study attempts to fill this cognitive gap and may serve as a starting point for further empirical research in this area.",296618360,0,18,,
10.1016/j.procs.2025.09.372,Measuring Technology Commercialization Using Corporate Disclosures and Observing Temporal Patterns,"M. Sato, Masanori Hirano, Kentaro Imajo, Mitsuo Yoshida",Procedia Computer Science,2025,(missing abstract),292700052,0,11,,
10.32951/mufider.1640937,SÜRDÜRÜLEBİLİRLİK RAPORLAMALARINDA ESG İLKELERİNİN İÇERİK ANALİZİ İLE DEĞERLENDİRİLMESİ: TÜRKİYE ve DÜNYADAKİ HAVAYOLU ŞİRKETLERİ YÖNETİM ÖRNEKLERİ,"İpek Yaylalı, Fatih Karaman",Muhasebe ve Finans İncelemeleri Dergisi,2025,"İklim değişikliğinde yaşanan olumsuzluklar sürdürülebilirlik konusunda farkındalığı artırırken buna etki eden faktörler, bireylerde tüketimin azalmasına, şirketlerde ise performansların raporlanmasını gündeme getirmektedir. İlgili gelişmeler neticesinde, “Sürdürülebilirlik İlkeleri Uyum Çerçevesi” kapsamında yer alan üç boyutlu raporlamaya (çevresel, sosyal ve yönetişim) ilişkin işletmelerin performansını kapsayan sürdürülebilirlik raporlamalarını düzenlemeleri istenmektedir. Çalışmanın amacı, 2022-2023 yılları Borsa İstanbul (BIST)’de işlem gören Türk Havayolu şirketlerinin düzenledikleri sürdürülebilirlik raporlarında “Sürdürülebilirlik İlkeleri Uyum Çerçevesi” kapsamında yer alan genel ilkeler, çevresel ilkeler, sosyal ilkeler ve kurumsal yönetim ilkelerine uyum derecelerinin ortaya konulmasıdır. Ayrıca çalışmada, dünyada en iyi 5 havayolu şirketinin ESG ilkelerinde yer alan bilgilerin içerik analizi ile değerlendirilmesi amaçlanmıştır. Böylece hem Türkiye hem de dünyada havayolu şirketlerinin sürdürülebilirliğe olan duyarlılığı tespit edilmeye çalışılmıştır. Analiz sonucunda, THY şirketinin ESG ilkelerine tam uyum sağladığı, ESG ilkeleri için belirlenen ifadelerde ise genel olarak çevresel, sosyal ve kurumsal sürdürülebilirlik politika unsurlarında THY ve Korean Air şirketlerinde ESG skorlarının yüksek olduğu tespit edilmiştir.",285964298,0,31,,
10.1016/j.dib.2025.112305,CN-VEFD: A Visual Emotion Feature Dataset for Chinese ESG Reports,"Zhao Duan, Yitong Xu, Binglong Xia",Data in Brief,2025,(missing abstract),292986811,0,20,,
10.51300/jse-2025-154,Uncovering the Nexus between ESG Reports and ESG Scores across Various Liquidity Levels: Evidence from Publicly Traded Turkish Companies by Machine Learning Algorithms,"Serpil Kılıç Depren, Dilvin Taşkın, Talat Ulussever",Journal of Sustainable Economies,2025,"Considering the recent restructuration of environmental, social, and governance (ESG) reports in Türkiye, this study uncovers effectiveness of ESG reports in ESG score estimation across diverse liquidity levels. Accordingly, the study examines four different samples as the full sample, Borsa Istanbul 100 (XU100) index, Borsa Istanbul 50 (XU050) index, and Borsa Istanbul 30 (XU030) index, where 102, 60, 43, and 26 companies exist, respectively. The study considers restructured ESG reports for 2022 and 2023 and performs five different machine learning (ML) algorithms. The findings demonstrate that (i) among all segments, environment segment includes principles that have the highest importance, while social, common, and governance segments follow, respectively; (iii) absolute and relative variable importance of ESG principles differentiate; (iii) super learner (SL) is the best ML algorithm, where its estimative power (R2) is around 95\% for the best estimation. Thus, the results demonstrate that the estimative power of restructured ESG reports in the estimation of ESG scores is quite high. Hence, the study highlights a varying contribution of ESG segments and principles to the ESG scores of the companies and reveals a nonlinear need by companies to focus on highly important ESG principles so that companies can stimulate their ESG scores.",290023037,0,47,,
10.3390/su17188342,Uncovering Greenwashing: Investigating Impression Management Gap in Corporate Reporting,"Agnė Šneiderienė, Renata Legenzova",Sustainability,2025,"The current study examined the impression management gap between sustainability and management reports, which in this study serves as a proxy for greenwashing in sustainability reporting. The study sample comprised 192 reports from 24 companies, covering the period 2020–2023. Impression management gaps were estimated across four dimensions—tone, analytical thinking, authenticity, and clout—using textual analysis with the Linguistic Inquiry Word Count software. Our findings reveal significant impression management gaps for tone, clout, and analytics dimensions throughout the entire research sample, confirming a more pronounced use of impression management techniques in sustainability reporting. Despite increasing regulatory pressure during the study period, the calculated gaps did not show signs of decreasing. The results further indicate a high likelihood of greenwashing in the Services and Manufacturing sectors, and a lower likelihood in the Utilities sector. Such gaps risk misleading stakeholders by shaping perceptions that diverge from a company’s actual sustainability practices. Our findings suggest that greenwashing can be effectively detected through textual analysis of disclosures, particularly when conducting comparative studies between different reports. Building on these results, we argue that targeted reporting standards, advanced assurance methodologies, and clearer boundaries for impression management are essential to curbing greenwashing and strengthening the integrity of sustainability communication.",290935096,1,115,,
10.3390/su17073075,Sustainability Reporting in the Opinion of Managers in Food Companies in Poland,"Marzena Ganc, Tomasz Felczak",Sustainability,2025,"Due mainly to tightened regulatory frameworks and rising stakeholder expectations, sustainability reporting has become essential to corporate governance. This study examines the perceptions of middle and senior management about sustainability reporting and the degree of implementation in Poland’s food industry. One hundred eighteen respondents from 26 food businesses participated in a poll to provide their opinions. This study examines the respondents’ awareness of ESG (Environmental, Social, and Governance) frameworks, their understanding of sustainability reporting, and compliance with pertinent standards. The results show that the industry is becoming more conscious of sustainability reporting. However, there are still a lot of differences in how it is interpreted and applied, especially regarding the size of the organization. Compared to smaller companies, managers at larger organizations typically have a deeper understanding of ESG principles and reporting standards. The most commonly cited issues in the field under study are the complexity of reporting frameworks, a lack of knowledge of ESG reporting standards, and a lack of internal resources. Most respondents agree that sustainability reporting is crucial for enhancing a company’s reputation and maintaining long-term competitiveness in the market. This article provides recommendations for expanding educational and training programs that could help increase awareness and develop managerial skills related to sustainability in the food sector.",285510004,1,40,,
10.3390/su162411215,Saying Is Believing: How Do Digital Disclosure Anomalies Affect Corporate Innovation Efficiency,"Zhirui Zhang, Yi Fu, Xiaoyin Liang, Liang Jiang",Sustainability,2024,"Digital transformation has become a new driving force for corporate development, widely embraced by managers. However, in the actual digital transformation process, some companies’ performances are characterized by “more talk, less action”. To measure the phenomenon, this paper innovatively constructs the Digital Disclosure Anomaly (DDA) indicator using Chinese A-share listed companies’ data from 2013 to 2021 and examines the impact of DDA on corporate innovation efficiency by Saying is Believing theory. We find that DDAs show a long-term negative impact on corporate innovation efficiency. Our mechanism analysis suggests that DDAs reduce innovation efficiency through resource misallocation, which is driven by two mechanisms: the manager squandering effect and the inefficient investment effect. Our results suggest that DDAs are harmful for corporate innovation efficiency by the Saying is Believing (SIB) effect and corporate DDA behavior is detrimental to sustainability in digital economy development.",282675826,0,47,,
10.1108/arj-04-2025-0141,Textual attributes of risk factors disclosure and domestic enforcement in ADR firms: an international evidence,"Jerferson Freitas da Silva, Dante Baiardo Cavalcante Viana, Lívia Arruda Castro, Vera Maria Rodrigues Ponte",Accounting Research Journal,2025,"Purpose This paper aims to examine the relationship between domestic enforcement and textual attributes of risk factor disclosures of foreign firms listed in the USA. Using an international sample of American depositary receipts (ADR) firms, it analyzes how the level of domestic enforcement influences the readability and tone of the information disclosed in the risk factors section of Form 20-F. Design/methodology/approach The analysis spans the period from 2000 to 2023 and, following this procedure, includes 1,343 ADR firm-year observations across 30 countries. The authors use multiple regression and conduct robust tests to confirm their analysis. Findings The results suggest that a higher level of enforcement is associated with lower readability and a more biased tone in risk factor disclosures. This suggests that although domestic enforcement aims to enhance information quality, it may lead to more complex and potentially strategic communications. The authors argue that this effect may arise both from the need for strict compliance with detailed regulations and the pressure to meet the expectations of various market participants. Research limitations/implications The measures of readability and tone, although widely used in the accounting and finance literature, have limitations and may not fully reflect the quality of textual attributes. Practical implications This study contributes to investors by providing further evidence of the direct effect of domestic legal enforcement on textual attributes in accounting, which directly affects their judgments about companies’ disclosures. Moreover, the results contribute to regulatory agents with evidence that domestic legal enforcement may affect the quality of companies’ disclosures, providing them with insights for adopting mechanisms of compliance with legislation. Originality/value The results contribute to previous international accounting literature by empirically demonstrating how institutional factors influence corporate communication in international markets. Additionally, they provide valuable insights for investors and regulators, highlighting the potential negative impacts of excessive regulation on the clarity of disclosed information, a topic that has rarely been discussed in the literature from both theoretical and practical perspectives.",296186665,0,63,,
10.1016/j.frl.2025.109402,"Carbon Trading Policy Pilot, Green Bond Financing, and the Valuation Enhancement of Specialized, Fine, Characteristic, and Innovative Enterprises","Xu Zhang, San‐Gang Wu",Finance research letters,2025,(missing abstract),295515387,0,18,,
10.1080/00036846.2025.2605363,Green-hushing: unintended consequences of carbon risk on corporate environmental disclosure,"Xinchu Tong, Yunhao Dai, Li Wang",Applied Economics,2025,(missing abstract),296597104,0,46,,
10.1016/j.jenvman.2025.127458,"Greening under pressure: How firms manage waste in times of climate policy uncertainty? The role of green technologies, policies, and carbon emission","Kaouther Chebbi, Nouha Ben Arfa",Journal of Environmental Management,2025,(missing abstract),291622884,3,90,,
10.1016/j.econmod.2025.107264,Beyond awareness: How investor-initiated communications reduce corporate carbon emissions,"Zijun Luo, Mingyang Li, Xiaoli Hu, Hao Xu",Economic Modelling,2025,(missing abstract),289935581,0,80,,
10.1016/j.eneco.2025.108632,Decoding greenwashing practices toward sustainability: The synergistic influence of governance structure and policy-derive rhetorical strategies,"Yali Fan, Ruofei Wang, Fadi Alkaraan, Wei Wu",Energy Economics,2025,(missing abstract),287711434,15,80,,
10.1016/j.frl.2025.108419,Can the Level of Green Consumption Restrain Listed Companies’ “Greenwashing” Behavior? An Analysis of the Moderating Effect of Green Credit,"Yu Du, Zhiwei Li, Yan He",Finance Research Letters,2025,(missing abstract),291179150,0,22,,
10.1016/j.bar.2025.101589,"Language Diversity, Social Trust, and Corporate Environmental Performance","Xin Cui, Shengnan Li, Jing Liao, John W. Goodell, Yueshan Li",The British Accounting Review,2025,(missing abstract),283868606,3,114,,
10.1080/14783363.2025.2608244,Bright minds or green Façades? Superstar inventors and substantive vs. strategic green innovation,"X. Li, Hongliang Li",Total Quality Management & Business Excellence,2025,(missing abstract),296337510,0,63,,
10.21203/rs.3.rs-5495998/v1,ESG Implications: Examining the Impact of Security Analysts' Coverage on Corporate Greenwashing Practices,Arthur William Fodouop Kouam,Research Square (Research Square),2024,"<title>Abstract</title> This study investigates the influence of security analysts' coverage on corporate greenwashing practices, a critical and underexplored area in the sustainability discourse. While previous research predominantly focused on regulatory and institutional mechanisms to combat greenwashing, this study emphasizes the unique role of security analysts as external governance mechanisms that can enhance corporate accountability. Analyzing empirical data across various industries reveals a significant negative relationship between analyst coverage and the prevalence and severity of greenwashing. High levels of security analysts' scrutiny correlate with improved sustainability practices, exceeding mere regulatory compliance and serving as a deterrent against misleading environmental claims. This research contributes original insights to the literature by integrating the dynamics of security analysts into the understanding of corporate governance and environmental responsibility. It highlights the need for organizations to engage proactively with analysts and fosters transparency in sustainability reporting. The implications of this study extend to policymakers and industry practitioners, suggesting that strengthening analyst coverage can support genuine sustainability efforts and enhance investor confidence. Overall, this study enriches the discourse on sustainability governance by illuminating market influencers' pivotal role in reshaping corporate behavior toward greater environmental integrity.",281489190,0,63,,
10.1016/j.jenvman.2025.126152,Is green an effective signal for investors? Impacts of corporate environmental performance on debt financing cost.,"Jiayang Shi, Yuanchun Zhou, Qi Wang",Journal of Environmental Management,2025,(missing abstract),288156457,3,110,,
10.1177/21582440251366012,Environmental Regulation and Corporate Greening Governance: New Evidence Based on the Distance Between Enterprises and Environmental Protection Bureaus,"Bin Wang, Xuejing Liu, Bo Li, Daqian Shi",SAGE Open,2025,"Ecological and environmental protection has become a crucial component and key indicator of high-quality economic development. Strengthening corporate greening governance is a key focus area for regulators aiming to enhance the reform of a modernized environmental governance system. This paper examines a sample of A-share listed companies in China from 2009 to 2021, focusing on the impact of geographical distance between enterprises and Environmental Protection Bureaus(EPBs) on corporate greenwashing, which is grounded in the frameworks of government-enterprise collusion and proactive government regulation. Empirical tests show that the closer an enterprise is to the Municipal Environmental Protection Bureau, the greater the degree of corporate greenwashing, which supports the dominant role of the “distance decay effect” of government-enterprise collusion. The conclusion remains robust after considering endogeneity issues. Mechanism tests show that the government-enterprise collusion effect is the main pathway through which environmental regulatory distance affects corporate greenwashing, and that the effect is most significant at the national, provincial, and district levels of political affiliation. We also find that this relationship varies across regions, industries, and types of enterprises. Specifically, it is more pronounced among enterprises located in non-eastern regions, those in non-provincial capitals and non-sub-provincial cities, enterprises with low industry concentration, and enterprises that are not yet mature. Meanwhile, media attention, shareholder monitoring, government environmental concerns, and network infrastructure construction have moderating effects on it. This paper enriches the influencing factors of corporate greenwashing from the perspectives of geo-economics and public economics. It offers new empirical evidence supporting “the distance decay effect” and provides decision-making guidance for the government in implementing environmental protection regulations. JEL Classification: Q52, Q56, Q58.",291114145,0,80,,
10.3390/su17072977,"The Effect of Environmental, Social, and Governance (ESG) Disclosure on the Profitability of Saudi-Listed Firms: Insights from Saudi Vision 2030","Nawaf Ali, Hiba Awad Alla Ali Hussin, Howaida Mohammed Fadol Mohammed, Khaled Abd Alaziz Hassan Mohmmed, Amjad Abdullah S. Almutiri, Mohamed Ali",Sustainability,2025,"This study investigates the influence of Environmental, Social, and Governance (ESG) disclosure on the profitability of Saudi-listed non-financial firms in the context of Saudi Vision 2030. The study uses a sample of 100 non-financial organizations from 2019 to 2023 (500 firm-year observations). This study uses panel data analysis and a random-effects regression model to examine the relationship between ESG disclosure and firm profitability as assessed by return on assets (ROA). To assess ESG disclosure, this study developed a comprehensive ESG disclosure index based on worldwide ESG guidelines and Saudi-related regulations. The regression results show a significantly positive relationship between ESG disclosure and firm profitability, emphasizing the financial benefits of corporate transparency and sustainability. This finding is consistent with the stakeholder theory, implying that firms with strong ESG commitments boost investor trust, improve risk management, and increase operational efficiency. Thus, this study adds to the ESG literature by presenting empirical evidence from Saudi Arabia, a growing country that is undergoing regulatory transition. Additionally, this study’s notable contribution is the development of a comprehensive ESG disclosure index tailored for the Saudi corporate landscape, integrating global reporting standards with local regulatory requirements. This index enhances the assessment of ESG transparency and offers a thorough tool for examining business sustainability strategies. The results offer substantial insights for policymakers, investors, and corporate leaders, emphasizing the significance of ESG in sustainable financial performance.",285502302,27,95,,
10.1016/j.cjar.2025.100443,Investor sentiment and audit-related human resource input: Evidence from audit-related job postings,"Zhang-wei Luo, Weidong Xu, Donghui Li, Rui Xu, Meiting Lu",China Journal of Accounting Research,2025,(missing abstract),290704493,0,73,,
10.3390/su18010017,Greenwashing in Sustainability Reporting: A Systematic Literature Review of Strategic Typologies and Content-Analysis-Based Measurement Approaches,"Agnieszka Janik, Adam Ryszko",Sustainability,2025,"This paper presents a systematic literature review (SLR) of research on strategic positioning of companies and the measurement of greenwashing in sustainability reporting. Its main aim is to synthesize and organize the existing literature, identify key research gaps, and outline directions for future studies. Drawing on a rigorous content analysis of 88 studies, we delineate strategic typologies of greenwashing in sustainability reporting and examine content-analysis-based measurement approaches used to detect it. Our SLR shows that most strategic typologies draw on theories such as legitimacy theory, impression management theory, signaling theory, and stakeholder theory. Several studies adopt a four-quadrant matrix with varying conceptual dimensions, while others classify strategic responses to institutional pressures along a passive–active continuum. However, the evidence suggests that to assume that companies uniformly pursue sustainability reporting strategies is a major oversimplification. The findings also indicate that the literature proposes a variety of innovative, content-analysis-based approaches aimed at capturing divergences between communicative claims and organizational realities—most notably, discrepancies between disclosure and measurable performance, and between symbolic and substantive sustainability actions, as well as the identification of selective or manipulative communication practices that may signal greenwashing. Analytical techniques commonly focus on linguistic and visual cues in sustainability reports, including tone (sentiment and narrative framing), readability (both traditional readability indices and machine learning–based textual complexity measures), and visual content (selective emphasis, imagery framing, and graphic distortions). We also synthesize studies that document empirically verified instances of greenwashing and contrast them with research that, in our view, relies on overly simplified or untested assumptions. Based on this SLR, we identify central theoretical and methodological priorities for advancing the study of greenwashing in sustainability reporting and propose a research agenda to guide future research.",294929558,0,122,,
10.3390/su12145687,Automated Sustainability Assessment System for Small and Medium Enterprises Reporting,"E. Kassem, O. Trenz",(missing journal),2020,"Sustainability assessment is a mainstream business activity that demonstrates the link between the organization’s strategy for and commitment to a sustainable global economy, and the prevention of economic crises. Small- and medium-sized businesses/enterprises (SMBs/SMEs) have significant effects on the European economy. However, because of a lot of restriction factors, like business risk, the high expenses of data collection and management, and the lack of resources, sustainability reporting is considered a superfluous and burdensome activity for them. The aim of this research is to propose an automated, comprehensive and simplified system for the sustainability assessment of SMEs. This system is achieved by implementing three main phases. The first phase includes key performance indicators design, which starts with the identification of various key performance indicators for comprehensive sustainability assessment, and ends with proposing an optimal set of KPIs (Key Performance Indicators) that can encompass long-term issues and be applicable to SMEs in the EU. The second phase involves a new comprehensive method of sustainability assessment for all KPIs designed in the first phase. Therefore, a multi-criteria model, which involves four main pillars of sustainability assessment (economic, environmental, social and governance), is proposed. It gives different enterprises the ability to verify and compare their efficiency and sustainability with other companies within the same sector in an almost automated manner. In the final phase, a simple and an automated information system (WEBRIS), which provides a suitable environment for SME sustainability reporting, is developed. Finally, this system is verified in a case study of the Czech breweries sector.",56315368,33,57,,
10.3390/su12083456,ESG Scores and the Credit Market,"Ga‐Young Jang, Hyoung-Goo Kang, Ju-Yeong Lee, Kyounghun Bae",Sustainability,2020,"This study analyzes the relationship between Environmental, Social and Governance (ESG) scores and bond returns using the corporate bond data in Korea during the period of 2010 to 2015. We find that ESG scores include valuable information about the downside risk of firms. This effect is particularly salient for the firms with high information asymmetry such as small firms. Interestingly, of the three ESG criteria, only environmental scores show a significant impact on bond returns when interacted with the firm size, suggesting that high environmental scores lower the cost of debt financing for small firms. Finally, ESG is complementary to credit ratings in assessing credit quality as credit ratings cannot explain away ESG effects in predicting future bond returns. This result suggests that credit rating agencies should either integrate ESG scores into their current rating process or produce separate ESG scores which bond investors integrate with the existing credit ratings by themselves.",58367745,83,23,,
10.1109/access.2020.3031217,A Systematic Review on Implicit and Explicit Aspect Extraction in Sentiment Analysis,"Jaafar Zubairu Maitama, Norisma Idris, Asad Abdi, Liyana Shuib, Rosmadi Fauzi",IEEE Access,2020,"Aspect-based sentiment analysis (ABSA) is currently among the most vigorous areas in natural language processing (NLP). Individuals, private and government institutions are increasingly using media sources for decision making. In the last decade, aspect extraction has been the most essential phase of sentiment analysis (SA) to conduct an abridged sentiment classification. However, previous studies on sentiment analysis mostly focused on explicit aspects extraction with limited work on implicit aspects. To the best of our knowledge, this is the first systematic review that covers implicit, explicit, and the combination of both implicit and explicit aspect extractions. Therefore, this systematic review has been conducted to, 1) identify techniques used for extracting implicit, explicit, or both implicit and explicit aspects; 2) analyze the various evaluation metrics, data domains, and languages involved in the implicit and explicit aspect extraction in sentiment analysis from years 2008 to 2019; 3) identify the key challenges associated with the techniques based on the result of a comprehensive comparative analysis; and finally, 4) highlight the feasible opportunities for future research directions. This review can be used to assist novice and prominent researchers to understand the concept of both implicit and explicit aspect extractions in aspect-based sentiment analysis domain.",58467486,52,142,,
10.1002/csr.1350,Environmental reporting: transparency to stakeholders or stakeholders’ manipulation? An analysis of disclosure tone and the role of board of directors,"Claudia Arena, Saverio Bozzolan, Giovanna Michelon",(missing journal),2015,"We study whether environmental reporting serves as a transparency tool to communicate sound environmental policies to stakeholders or rather as a manipulation tool of stakeholders' perceptions. In particular, we focus on the relationship between environmental disclosure tone and future environmental performance and we furthermore explore the role of the board of directors' monitoring and stakeholder orientation in shaping this relationship. Using a sample of 288 US oil and gas firms, we find that the bias towards positive language does not reflect purely opportunistic managerial reasons, but rather is a transparency tool to signal future environmental performance. In addition, we document that the stakeholder orientation of the board plays a transparency role in communicating the firm's superior performance. Our findings contribute to the debate on whether discretionary strategies in environmental reporting are more about increased transparency or about stakeholder manipulation. Moreover, they help investors and policymakers to interpret managers' language choices. Copyright © 2014 John Wiley & Sons, Ltd and ERP Environment.",59608895,240,57,,
10.1007/978-3-030-83650-4_3,Carbonwashing: ESG Data Greenwashing in a Post-Paris World,"Soh Young In, Kim Schumacher",Springer eBooks,2021,"Despite the increased attention and capital incentives around corporate sustainability, the development of sustainability reporting standards and monitoring systems has been progressing at a slow pace. As a result, companies have misaligned incentives to deliberately or selectively communicate information not matched with actual environmental impacts or make largely unsubstantiated promises around future ambitions. These incidents are broadly called “greenwashing,” but there is no clear consensus on its definition and taxonomy. We pay particular attention to the threat of greenwashing concerning carbon emission reductions by coining a new term, “carbonwashing.” Since carbon mitigation is the universal goal, the corporate carbon performance data supply chain is relatively more advanced than that of the entire sustainability data landscape. Nonetheless, the threat of carbonwashing persists, even far more severe than general greenwashing due to the financial values attached to corporate carbon performance. This chapter contextualizes sustainable finance-related carbonwashing via an outline of the communication as well as the measurement, reporting, and verification (MRV) of carbon emission mitigation performance.",60341441,39,25,,
10.15373/2249555x/mar2014/20,Greenwashing: The Darker Side Of CSr,"Priyanka Aggarwal, Aarti Kadyan",(missing journal),2011,"Greenwashing is a practice followed by organisations in which unsubstantiated or misleading claims are made of the environmental and social attributes of a product, service or the company as a brand. Greenwashing practice is adopted to make the company look more environment-friendly than it actually is, by spending more money, time and efforts on marketing its products as ‘green’, rather than actually minimizing its adverse impact on the environment. This paper studies the green marketing practices of certain selected companies belonging to four sectors Automobile, Electronics, Food & Beverages and Personal Care Sector, through analysis of their advertisements, company websites and sustainability reports. The main objective of the paper is to identify the extent of green washing done by the companies and to rate their environmental claims on the weighted scale of 1 to 5. Further, this paper correlates the greenwashing score with the overall CSR score, along with cross-sector analysis of their greenwashing scores. The paper finds that even the companies with a high overall CSR score are involved in some form of greenwashing practices. The authors also suggest ways and means for companies to avoid greenwashing, for consumers to spot it and for regulators to curb it. INTrODUCTION Environmental Sustainability is currently a burning issue worldwide. It has become a major cause of concern for governments, corporates and individuals. The rapid globalisation and industrialisation in the past few decades have significantly contributed towards environmental degradation in the form of pollution, greenhouse gas emissions, ozone depletion, global warming etc. Brundtland (1987) defined sustainable development as– “development that meets the needs of the present generation without compromising the ability of future generations to meet their own needs.” The consumers, investors and other stakeholders are increasingly becoming conscious about environment and society. They keep environmental and social considerations in mind while taking buying and investment decisions. Thus the companies are under a constant pressure to perform well on these grounds and to think beyond profits. Corporate social responsibility means that the organisations should be accountable towards all the stakeholders including consumers, investors, environment, employees, community, government and public at large. They should align their operations and decisions in accordance with the expectations of stakeholders (ISO 26000). There is a growing trend among companies to adopt “go green” strategy in order to gain an edge over their competitors. Therefore, the concepts of green marketing and sustainability reporting have become significant. According to Global Reporting Initiative (2011) “Sustainability reporting is the practice of measuring, disclosing, and being accountable to internal and external stakeholders for organizational performance towards the goal of sustainable development”. Green marketing is a holistic marketing phenomenon used by an organisation to promote the environment-friendly image of its products and the organisation as a whole. It encompasses innovation and modification in product development, manufacturing, packaging and advertising. Green marketing is used as a weapon by companies to compete in the global market.In today’s age of sustainability it is often said that “green is the new black”. The practice of green marketing is being misused by companies in order to build their false green brand image in the eyes of consumers and investors. This is nothing but greenwashing. According to Greenpeace (www.stopgreenwash.org) – “greenwashing is the act of misleading consumers regarding the environmental practices of a company or the environmental benefits of a product or service.”It involves use of deceptive and manipulative sustainable claims by companies to portray a superficial eco-friendly image than it actually is, by investing more resources on marketing its products as ‘green’ rather than actually minimizing its adverse impact on the environment. Delmas and Cuerel Burbano (2011) classified the drivers of greenwashing into market, non-market, organisational and individual drivers. These are shown in Figure 1 below. Source: Delmas and Cuerel Burbano (2011) Figure 1 – Drivers of Greenwashing In this paper, we analyse the greenwashing practices of select popular companies. The following sections describe greenwashing practices, regulations & certifications, review of literature, objectives of study, hypotheses, research methodology, results, recommendations, limitations and scope for further research. GrEENWASHING PrACTICES The environmental consciousness among the consumers and companies has its origin in mid 1960’s which led to the adoption of green marketing strategies by companies worldwide. The environmental disasters such as Bhopal gas tragedy (1984), Chernobyl nuclear power-plant disaster (1986), Exxon Valdez oil spill (1989), etc. prompted the companies to prac-",71074444,61,11,,
10.4324/9780429426377-2-2,Research on small and medium-sized enterprises and sustainability,"Aharon Factor, John P. Ulhøi, Norma R. A. Romm",Routledge eBooks,2021,"Having set the scene and established some bridging points between business and sustainability, this chapter presents a strong case as to why the focus of this book should be on small and medium-sized enterprises (SMEs). While multinational enterprises (MNEs) have been highly visible under the environmental radar, and accordingly under increasing public scrutiny regarding their sustainability impacts, the SMEs have not been much in focus. In total, the effect of the roughly 400 million SMEs are critical to shaping a sustainable planet and, therefore, should not be overlooked. The chapter discusses environmental responsibility in relation to SMEs. The chapter concludes that society cannot afford not to pose the same environmental responsibility to SMEs as is being done to large enterprises. In doing so, however, it is vital, that it be recognised that SMEs are structurally, economically and culturally different.",81499923,1,1,,
10.2139/ssrn.4229146,ClimateBert: A Pretrained Language Model for Climate-Related Text,"Nicolas Webersinke, Mathias Kraus, J. Bingler, Markus Leippold",Social Science Research Network,2021,"Over the recent years, large pretrained language models (LM) have revolutionized the field of natural language processing (NLP). However, while pretraining on general language has been shown to work very well for common language, it has been observed that niche language poses problems. In particular, climate-related texts include specific language that common LMs can not represent accurately. We argue that this shortcoming of today's LMs limits the applicability of modern NLP to the broad field of text processing of climate-related texts. As a remedy, we propose CLIMATEBERT, a transformer-based language model that is further pretrained on over 2 million paragraphs of climate-related texts, crawled from various sources such as common news, research articles, and climate reporting of companies. We find that CLIMATEBERT leads to a 48% improvement on a masked language model objective which, in turn, leads to lowering error rates by 3.57% to 35.71% for various climate-related downstream tasks like text classification, sentiment analysis, and fact-checking.",88594505,184,36,,
10.1007/s11156-016-0582-0,Application of multi-level matching between financial performance and corporate social responsibility in the banking industry,"Meng-Wen Wu, Chung-Hua Shen, Ting-Hsuan Chen",Review of Quantitative Finance and Accounting,2017,"This study applies a new matching method to examine the old yet debatable idea that high corporate social responsibility (CSR) is associated with improved bank financial performance (FP). The conventional matching method focuses on one treatment effect. Thus, the old method is considered inappropriate when banks exhibit various degrees of CSR. To address this problem, we first apply the new multi-level matching method to multi-degree CSR and therefore contribute to studies that consider multi-degree CSR without adopting a multi-level matching method. We propose that “the more CSR, the better the FP,” which implies that banks engaged in more CSR exhibit better FP. Results before and after the matching significantly differ. CSR insignificantly influences bank FP before matching, but CSR has a strongly positive influence on bank FP after matching. Such effect on bank FP is further strengthened when banks increase their CSR activities, which supports our argument.",110337649,62,78,,
10.18653/v1/2021.emnlp-main.726,Aspect Sentiment Quad Prediction as Paraphrase Generation,"Wenxuan Zhang, Yang Deng, Xin Li, Yifei Yuan, Lidong Bing, Wai Lam",arXiv (Cornell University),2021,"Aspect-based sentiment analysis (ABSA) has been extensively studied in recent years, which typically involves four fundamental sentiment elements, including the aspect category, aspect term, opinion term, and sentiment polarity. Existing studies usually consider the detection of partial sentiment elements, instead of predicting the four elements in one shot. In this work, we introduce the Aspect Sentiment Quad Prediction (ASQP) task, aiming to jointly detect all sentiment elements in quads for a given opinionated sentence, which can reveal a more comprehensive and complete aspect-level sentiment structure. We further propose a novel Paraphrase modeling paradigm to cast the ASQP task to a paraphrase generation process. On one hand, the generation formulation allows solving ASQP in an end-to-end manner, alleviating the potential error propagation in the pipeline solution. On the other hand, the semantics of the sentiment elements can be fully exploited by learning to generate them in the natural language form. Extensive experiments on benchmark datasets show the superiority of our proposed method and the capacity of cross-task transfer with the proposed unified Paraphrase modeling framework.",111424578,186,48,,
10.1038/s41430-022-01075-9,"The time is ripe for ESG + Nutrition: evidence-based nutrition metrics for Environmental, Social, and Governance (ESG) investing","Meghan O’Hearn, Suzannah Gerber, Sylara Marie Cruz, D. Mozaffarian",European Journal of Clinical Nutrition,2022,"The globe faces a nutrition crisis. Suboptimal diet is the leading cause of poor health worldwide, with devastating social, environmental, equity, and economic consequences [1]. In poor diet quality was estimated to cause 12 million deaths due to non-communicable diseases (NCDs) globally [1]. In the US, treatment of cardiovascular diseases, diabetes, and cancers accounted for 1 in 4 dollars in healthcare — and 18% higher spending than in 2009 [2]. Solutions to address the global health and economic burdens of nutrition-related disease must re-imagine and reform the food system – including new approaches to in ﬂ uence the private sector, which plays a critical role in supplying and in ﬂ uencing food choices, nutrition, and health outcomes of consumers. Among different levers, investors – including institutional investors, family of ﬁ ces, and venture capital – are powerful and underutilized stakeholders for stimulating change. The rise of Environmental, Social, and Governance (ESG) investing presents a remarkable new opportunity to align ﬁ nancial returns with bene ﬁ ts for society and the planet. This paradigm shift recognizes that long-term ﬁ nancial performance is directly linked to environmental and societal impact [3]. From 2012 to 2020, the value of global ESG-driven assets tripled to $40.5 trillion [4], and now represents nearly half of the world ’ s ﬁ nancial assets under management. Businesses have taken note. In 2021, 60 top global businesses committed to publicly supporting and reporting on a common set of Stakeholder Capitalism Metrics for ESG reporting [5]. And, at the 2021 UN Climate Change Conference (COP26), The International Financial Reporting Standards (IFRS) Foundation announced a new International Sustainability Standards Board to develop, consolidate,",128433420,27,8,,
10.1007/s10115-010-0370-4,On ontology-driven document clustering using core semantic features,"Samah Jamal Fodeh, Bill Punch, Pang-Ning Tan",Knowledge and Information Systems,2011,"Incorporating semantic knowledge from an ontology into document clustering is an important but challenging problem. While numerous methods have been developed, the value of using such an ontology is still not clear. We show in this paper that an ontology can be used to greatly reduce the number of features needed to do document clustering. Our hypothesis is that polysemous and synonymous nouns are both relatively prevalent and fundamentally important for document cluster formation. We show that nouns can be efficiently identified in documents and that this alone provides improved clustering. We next show the importance of the polysemous and synonymous nouns in clustering and develop a unique approach that allows us to measure the information gain in disambiguating these nouns in an unsupervised learning setting. In so doing, we can identify a core subset of semantic features that represent a text corpus. Empirical results show that by using core semantic features for clustering, one can reduce the number of features by 90% or more and still produce clusters that capture the main themes in a text corpus.",131360891,109,43,,
10.1111/jifm.12156,"Be good to be wise: Environmental, Social, and Governance awareness as a potential credit risk mitigation factor","Marina Brogi, Valentina Lagasio, Pasqualina Porretta",Journal of International Financial Management and Accounting,2022,"Integrating Environmental, Social, and Governance (ESG) factors into credit risk assessment is the new frontier for credit risk management as regulators and investors increasingly require banks to channel loans to “sustainable” borrowers and ultimately foster sustainable growth. Our findings show that higher ESG awareness is strongly associated with better creditworthiness (proxied by the Altman Z-score). We apply a two-step methodology to 3331 companies from various industries and geographies in the 2000–2016 period which reveals that high ESG awareness scores are strongly and very significantly associated with a reduction in firm credit risk. We check the robustness by using the Probability of Default as a dependent variable and an instrumental variable constructed with a factor analysis. Our results support the appropriateness of the introduction of ESG awareness parameters in the creditworthiness assessment of borrowers.",134910077,83,20,,
10.1145/3375627.3375843,Balancing the Tradeoff Between Clustering Value and Interpretability,"Sandhya Saisubramanian, Sainyam Galhotra, Shlomo Zilberstein","AAAI/ACM Conference on AI, Ethics, and Society",2020,"Graph clustering groups entities -- the vertices of a graph -- based on their similarity, typically using a complex distance function over a large number of features. Successful integration of clustering approaches in automated decision-support systems hinges on the interpretability of the resulting clusters. This paper addresses the problem of generating interpretable clusters, given features of interest that signify interpretability to an end-user, by optimizing interpretability in addition to common clustering objectives. We propose a β-interpretable clustering algorithm that ensures that at least β fraction of nodes in each cluster share the same feature value. The tunable parameter β is user-specified. We also present a more efficient algorithm for scenarios with β\!=\!1$ and analyze the theoretical guarantees of the two algorithms. Finally, we empirically demonstrate the benefits of our approaches in generating interpretable clusters using four real-world datasets. The interpretability of the clusters is complemented by generating simple explanations denoting the feature values of the nodes in the clusters, using frequent pattern mining.",141276339,48,23,,
10.3390/su132212364,Multi-Stakeholder Impact Environmental Indexes: The Case of NeXt,"L. Becchetti, Maristella Cacciapaglia, P. Morone, Luca Raffaele, Lorenzo Semplici",Sustainability,2021,"The design of proper environmental and social indicators is one of the most critical challenges when monitoring and implementing corporate and government policy measures toward ecological transitions and sustainable development. In our paper we outline and discuss the characteristics of a new vintage of “living” multi-stakeholder community-based indicators based on the principles of self-evaluation, dialogue and simplification with a specific focus on the NeXt index. We explain the main differences between them and the opposite extreme of static expert-based indicators, how they integrate firm-level scores with compliance with macro multidimensional wellbeing indicators (such as the UN Sustainable Development Goals) and how they complement with ongoing regulatory standards currently under development. As well, we discuss caveats, policy implications and impact in terms of subjective wellbeing.",142011875,3,43,,
10.1108/14626001211277460,A process-based operational framework for sustainability reporting in SMEs,"M. Arena, G. Azzone",(missing journal),2012,"Purpose – The paper aims to support small and medium enterprises (SMEs) in overcoming the difficulties they encounter in initiating sustainability reporting, proposing a “general” process for identifying a standard set of key sustainability indicators, that is specifically tailored on SMEs characteristics.Design/methodology/approach – The paper moves from the analysis of the existing international frameworks for sustainability reporting, and it discusses the main motivations whereby they are hardly applicable for SMEs. Then, it proposes a theoretical approach, which derives the set of key sustainability indicators starting from GRI, but explicitly considering SMEs specificities.Findings – The paper presents and discusses the application of the proposed approach to a network of Italian steel SMEs.Practical implications – The approach proposed can support SMEs to face the problems they face in implementing sustainability reporting (resource and capability constraints and lack of operative instruments to sup...",143383106,74,29,,
10.1007/s10551-017-3667-3,Every Little Helps? ESG News and Stock Market Reaction,"Gunther Capelle-Blancard, Aurélien Petit",Journal of Business Ethics,2019,"Stories about corporate social responsibility have become very frequent over the past decade, and managers can no longer ignore their impact on firm value. In this paper, we investigate the extent and the determinants of the stock market’s reaction following ordinary news related to environmental, social and governance issues—the so-called ESG factors. To that purpose, we use an original database provided by Covalence EthicalQuote. Our empirical analysis is based on about 33,000 ESG news (positive or negative), targeting one hundred listed companies over the period 2002–2010. On average, firms facing negative events experience a drop in their market value of 0.1%, whereas companies gain nothing on average from positive announcements. We find also that market participants are responsive to the media, but they do not react to firms’ press releases or to NGOs’ disclosures. Moreover, our results indicate that sector’s reputation mitigates the loss (the goodwill hypothesis) and that cultural proximity and lexical contents of ESG disclosures play a significant role in the magnitude of the impact.",144178059,462,120,,
10.3390/app12115614,Analyzing and Visualizing Text Information in Corporate Sustainability Reports Using Natural Language Processing Methods,"Hyewon Kang, Jinho Kim",Applied Sciences,2022,"Sustainability is a major contemporary issue that affects everyone. Many companies now produce an annual sustainability report, mainly intended for their stakeholders and the public, enumerating their goals and degrees of achievement regarding sustainable development. Although sustainability reports are an important resource to understand a company’s sustainability strategies and practices, the difficulty of extracting key information from dozens or hundreds of pages with sustainability and business jargon has highlighted the need for metrics to effectively measure the content of such reports. Accordingly, many researchers have attempted to analyze the concepts and messages from sustainability reports using various natural language processing (NLP) methods. In this study, we propose a novel approach that overcomes the shortcomings of previous studies. Using the sentence similarity method and sentiment analysis, the study clearly shows thematic practices and trends, as well as a significant difference in the balance of positive and negative information in the reports across companies. The results of sentiment analysis prove that the new approach of this study is very useful. It confirms that companies actively use the sustainability report to improve their positive image when they experience a crisis. It confirms that companies actively use the sustainability report to improve their positive image when they experience a crisis. The inferences gained from this method will not only help companies produce better reports that can be utilized effectively, but also provide researchers with ideas for further research. In the concluding section, we summarize the implications of our approach and discuss limitations and future research areas.",153526550,29,39,,
10.1007/s10668-019-00512-3,Sustainability benchmarking tool (SBT): theoretical and conceptual model proposition of a composite framework,"Çağatay Taşdemir, R. Gazo, Henry Quesada","Environment, Development and Sustainability",2020,"Sustainable development and sustainability notions are among trending topics of twenty-first century. Elevated sustainability concerns of various stakeholders have been forcing members of all industries to evolve into their more environmentally and socially responsible versions. However, a complete framework with a true sustainability and benchmarking focus is yet to be delivered. Within this study, an innovative, holistic, versatile and scalable tool was developed to assess and benchmark sustainability performance of organizations and supply chains. The proposed framework was established upon trivet structure of triple bottom line philosophy and fueled by lean, Six Sigma and life cycle analysis methodologies for accurate and effective measurement of sustainability performance. Completeness of the framework was ensured through development of first-generation key performance indicator pool with 33 indicators, a unique work environment assessment mechanism for safety and environmental protection issues in terms of 11 risk categories and by construction of an ownership structure for ease of framework deployment. Proposed framework is expected to help with true sustainability performance improvement and benchmarking objectives at a range of business levels from facility to sectoral operations. Both small- and medium-sized enterprises and large corporations could benefit from SBT Framework since it eliminates unit-based comparisons within its standardized performance measurement modules. Industries with lower profit margins could also gain competitive edge through continuous discovery of improvement opportunities. Furthermore, some manufacturing industries with unique characteristics such as wood products industries with their carbon sequestration potential and electric car manufacturers with their renewable energy-dependent final products could document their strengths more effectively through this science-based assessment mechanism.",167152951,37,147,,
10.1108/aaaj-04-2012-00998,Sustainability reports as simulacra? A counter-account of A and A+ GRI reports,O. Boiral,(missing journal),2013,"Purpose - – The purpose of this paper is to examine the extent to which sustainability reporting can be viewed as a simulacrum used to camouflage real sustainable-development problems and project an idealized view of the firms' situations. Design/methodology/approach - – The method was based on the content analysis and counter accounting of 23 sustainability reports from firms in the energy and mining sectors which had received application levels of A or A+ from the Global Reporting Initiative (GRI). The information disclosed in some 2,700 pages of reports was structured around 92 GRI indicators and compared with 116 significant news events that clearly addressed the responsibility of these firms in sustainable development problems. Moreover, the 1,258 pictures included in sustainability reports were categorized into recurring themes from an inductive perspective. Findings - – A total of 90 per cent of the significant negative events were not reported, contrary to the principles of balance, completeness and transparency of GRI reports. Moreover, the pictures included in these reports showcase various simulacra clearly disconnected with the impact of business activities. Originality/value - – The paper shows the relevance of the counter accounting approach in assessing the quality of sustainability reports and question the reliability of the GRI's A or A+ application levels. It contributes to debates concerning the transparency of sustainability reports in light of Debord's and Baudrillard's critical perspective. The paper reveals the underexplored role of images in the emergence of several types of simulacra.",169261273,647,73,,
10.1108/sampj-10-2018-0272,The greenwashing triangle: adapting tools from fraud to improve CSR reporting,"John Kurpierz, Ken Smith","Sustainability Accounting, Management and Policy Journal",2020,"The purpose of this paper is to show a significant overlap in the models accounting research uses for fraud and the models other research disciplines use for greenwashing, and show how researchers and policymakers interested in the application of effective sustainability policy can draw from fraud accounting literature to better understand, and therefore, combat greenwashing. This is illustrated by showing multi-actor information-asymmetry models from other branches of accounting literature and synthesizing them with the fraud triangle model to suggest new avenues for reducing greenwashing and strengthening corporate social responsibility (CSR).,This paper reviews the current literature surrounding the greenwashing aspect of corporate camouflage compares the legal and technical definitions of fraud and synthesizes a new variant fraud triangle that more usefully describes greenwashing.,This paper is able to show that other areas of accounting research in North America have already tackled similar systems of multiple actors in an information-asymmetric environment and that a recurring trait is the emergence of a more robust reporting system. CSR reporting is currently in the process of emerging and could develop more swiftly by copying extant fraud-fighting tools. This is particularly salient given the increasing amount of liability legal regimes are giving to both sustainability activities and sustainability reporting from firms, as evidenced in both guidelines and scandals over the past decade.,Sustainability reporting is not unique in comprising a large number of interrelated entities with non-financial information asymmetry between actors. Previous researchers have encountered similar situations in government accounting and public administration and developed network models to study these relationships as a result. In government accounting, this led to the development both of better diagnostic tools for further research and better models for local governments to use to prevent fraud and malfeasance. This paper suggests that using such research methods in the area of CSR will allow for the development of similarly-useful tools and models.,Visualizing greenwashing as a form of fraud allows policymakers to use tools from the fraud-fighting literature to improve CSR reporting and produce a more robust regime in the future. As governments increasingly seek to respond effectively to material misstatements with an intent to deceive in sustainability reports, understanding the underlying information asymmetry as it is found in other private-public interfaces is critical. Similarly, researchers can analyze CSR reporting through the lens of fraud researchers to gain novel insights into how information asymmetry in CSR reporting works.,Greenwashing is not traditionally seen as a form of fraudulent reporting, even though it often meets the same technical test used to determine fraudulent reporting. The realization that the two are structurally similar allows the authors to better understand how CSR reporting works and how CSR reporting can be falsified. By understanding the latter, governments, firms and non-governmental organizations (NGOs) can develop tools to prevent CSR reporting from being falsified.,This paper suggests a new suite of tools with which to study greenwashing, and with which to fight greenwashing in a sustainability accounting context.",174880902,105,41,,
10.1007/978-3-030-29726-8_4,Automated Machine Learning for Studying the Trade-Off Between Predictive Accuracy and Interpretability,Alex A. Freitas,Lecture Notes in Computer Science,2019,"Automated Machine Learning (Auto-ML) methods search for the best classification algorithm and its best hyper-parameter settings for each input dataset. Auto-ML methods normally maximize only predictive accuracy, ignoring the classification model’s interpretability – an important criterion in many applications. Hence, we propose a novel approach, based on Auto-ML, to investigate the trade-off between the predictive accuracy and the interpretability of classification-model representations. The experiments used the Auto-WEKA tool to investigate this trade-off. We distinguish between white box (interpretable) model representations and two other types of model representations: black box (non-interpretable) and grey box (partly interpretable). We consider as white box the models based on the following 6 interpretable knowledge representations: decision trees, If-Then classification rules, decision tables, Bayesian network classifiers, nearest neighbours and logistic regression. The experiments used 16 datasets and two runtime limits per Auto-WEKA run: 5 h and 20 h. Overall, the best white box model was more accurate than the best non-white box model in 4 of the 16 datasets in the 5-hour runs, and in 7 of the 16 datasets in the 20-hour runs. However, the predictive accuracy differences between the best white box and best non-white box models were often very small. If we accept a predictive accuracy loss of 1% in order to benefit from the interpretability of a white box model representation, we would prefer the best white box model in 8 of the 16 datasets in the 5-hour runs, and in 10 of the 16 datasets in the 20-hour runs.",175967618,24,25,,
10.1007/s10668-021-01602-x,"Green, blue or black, but washing–What company characteristics determine greenwashing?","Silvia Ruiz-Blanco, Silvia Romero, Belen Fernandez‐Feijoo","Environment, Development and Sustainability",2021,"The purpose of this paper is to study what are the characteristics that make firms less or more prone to greenwashing. We collect data from sustainability disclosures of the S&P top 100 companies, to investigate the determinants of greenwashing. We use content analysis to measure the level of reporting of the companies. We define the “greenwashing” variable as the difference between what the company says it does in terms of commitment to sustainability, and what the company actually does as evaluated by external parties (Bloomberg ESG scores). Our results show that companies in environmentally sensitive industries greenwash less than their counterparts in other industries, as well as companies following the GRI guidelines. Companies that issue a sustainability report and assure it greenwash less than those that do not do it. Contrary to our intuition, companies in industries with close proximity and high visibility greenwash more than their counterparts. A limitation of the paper is the inclusion in the sample of data from one country. Our findings have implications for policy-makers, particularly in Europe, where some European states have already regulated on green issues reporting and lately on blue issues. It might be interesting to consider both the industry effect and the relevance of reporting mechanisms when developing regulation and policies in order to improve the quality of sustainability reporting. We contribute to literature by proposing a new quantitative measure to assess greenwashing practices, to better understand the effect of industry and reporting mechanisms on greenwashing.",179967820,191,83,,
10.1109/icfhr-2018.2018.00056,Automated Grading of Handwritten Essays,"Annapurna Sharma, D. Jayagopi",International Conference on Frontiers in Handwriting Recognition,2018,"Automatic grading of handwritten essays is vital in evaluating the performance of students in educational settings, particularly in situations where language experts are rare. We build a system capable of taking the input as handwritten essays in image format and outputs the grading on the scale of 0-5; 0 being the worst and 5 being the best. The overall system integrates Optical Handwriting Recognition (OHR) and Automated Essay Scoring (AES)/grading. The handwritten essay is transcribed using a network composed of Multi-Dimensional Long Short Term Memory (MDLSTM) and convolution layers. The loss function is Connectionist Temporal Classification (CTC). The AES model is a 2-layer artificial neural network with a feature set based on pretrained GloVe word vectors. The results of grading of essays are compared for transcriptions of essays received from OHR system and transcriptions of essays done manually. The mutual agreement between the two shows a Quadratic Weighted Kappa score of 0.88. The results indicate that though the current OHR systems have transcription errors but as a whole can perform well for an application like AES.",191114753,24,16,,
10.1002/smj.2647,How Media Coverage of Corporate Social Irresponsibility Increases Financial Risk,"Julian F. Kölbel, Julian F. Kölbel, T. Busch, Leonhardt M. Jancso",(missing journal),2017,"Research summary: This article explores the relationship between corporate social irresponsibility (CSI) and financial risk. We posit that media coverage of CSI generates risk by providing conditions that increase the potential for stakeholder sanctions. Through analyzing an international panel of 539 firms during 2008–2013, we find that firms receiving higher CSI coverage face higher financial risk. We show that the reach of the reporting media outlet is a critical condition for this relationship. Once the outlet has a high reach, the severity of CSI coverage is a boundary condition that further reinforces the effect. Our findings complement existing theory about the risk-mitigating effect of corporate social responsibility by illuminating the risk-generating effect of CSI coverage. For executives, these insights suggest complementary strategies for corporate risk management. 
 
Managerial summary: This article examines the effect of negative news on financial risk. It shows that negative media articles regarding environmental, social, and governance (ESG) issues increase a firm's credit risk. It also provides a detailed analysis of the impact of an article's reach and severity, i.e., how many readers are exposed to the article and how harshly it criticizes the firm. The results allow to quantitatively assess the risk that emanates from negative ESG news. For executives, three strategies are derived for limiting a firm's exposure to this risk: balancing corporate social responsibility programs with operational safety programs, reporting suboptimal environmental and social performance transparently and proactively, and avoiding acquisition targets and markets with a legacy of negative news. Copyright © 2017 John Wiley & Sons, Ltd.",193514249,521,78,,
10.1111/1911-3838.12241,The Use of Blockchains to Enhance Sustainability Reporting and Assurance*,"Kathleen M. Bakarich, John “Jack” Castonguay, Patrick E. O'Brien",Accounting Perspectives,2020,"The changing dynamics of the accounting profession have been strongly influenced by emerging technologies and the demand for nontraditional metrics and information by stakeholders and regulators. In this article, we perform an exploratory content analysis to examine the role that blockchain technology can play in enhancing sustainability reporting and assurance. The benefits to companies and assurance professionals in using the distributed ledger technology of blockchain are increased trust, transparency, and traceability, which matches stakeholders' demands as it relates to sustainability reporting. This article identifies and analyzes potential and current use cases of blockchain in the United States and Canada to assist accountants and auditors in preparing and reviewing sustainability information. We highlight how augmenting traditional reporting systems with blockchain can overcome problems with sustainability reporting. We discuss implications for practice in detail—finding that blockchain is well‐positioned to provide reliable tracking and custodial support as it relates to sustainability information currently being self‐reported by many firms, such as greenhouse gas emissions, conflict mineral disclosure, or product provenance, among others. Expanded adoption of blockchains by companies will lead to higher‐quality information being included in sustainability reports and allow assurance professionals to verify a wider range of information, potentially leading to uniform standards in the evaluation of sustainability reports. L'UTILISATION DE LA CHAINE DE BLOCS POUR AMELIORER L'INFORMATION ET L'ASSURANCE EN MATIERE DE DURABILITE La dynamique evolutive de la profession comptable est fortement influencee par les technologies emergentes et la demande de mesures et informations non conventionnelles de la part des parties prenantes et des organismes de reglementation. Dans cet article, nous effectuons une analyse de contenu exploratoire afin d'examiner le role que la technologie de la chaine de blocs peut jouer pour ameliorer l'information et l'assurance en matiere de durabilite. Pour les entreprises et les professionnels de l'assurance, les avantages lies a l'utilisation de la technologie du registre distribue de la chaine de blocs sont une confiance, une transparence et une tracabilite accrues, ce qui correspond aux demandes des parties prenantes concernant l'information relative a la durabilite. Dans la presente etude, nous cernons et analysons des cas d'utilisation de la chaine de blocs eventuels et actuels aux Etats‐Unis et au Canada pour aider les comptables et les auditeurs a preparer et a passer en revue l'information sur la durabilite. Nous montrons de quelle facon l'ajout de la chaine de blocs aux systemes de communication d'information conventionnels peut resoudre des problemes associes a la production de rapports financiers sur la durabilite. Nous discutons en detail des consequences de cette technologie sur la pratique comptable, en etablissant que la chaine de blocs est en bonne position pour fournir un suivi fiable et une certaine forme de surveillance concernant l'information sur la durabilite actuellement communiquee par de nombreuses entreprises, comme les emissions de gaz a effet de serre, les declarations sur le minerai de conflit ou la provenance des produits. L'adoption a plus grande echelle de la chaine de blocs par les entreprises permettra d'integrer de l'information de meilleure qualite aux rapports sur la durabilite et donnera aux professionnels de l'assurance l'occasion de verifier davantage de renseignements, ce qui pourrait entrainer l'etablissement de normes uniformes pour l'evaluation de l'information sur la durabilite.",197186143,59,34,,
10.1007/s40593-020-00211-5,Automated Essay Scoring and the Deep Learning Black Box: How Are Rubric Scores Determined?,"Vivekanandan Kumar, David Boulanger",International Journal of Artificial Intelligence in Education,2021,"This article investigates the feasibility of using automated scoring methods to evaluate the quality of student-written essays. In 2012, Kaggle hosted an Automated Student Assessment Prize contest to find effective solutions to automated testing and grading. This article: a) analyzes the datasets from the contest – which contained hand-graded essays – to measure their suitability for developing competent automated grading tools; b) evaluates the potential for deep learning in automated essay scoring (AES) to produce sophisticated testing and grading algorithms; c) advocates for thorough and transparent performance reports on AES research, which will facilitate fairer comparisons among various AES systems and permit study replication; d) uses both deep neural networks and state-of-the-art NLP tools to predict finer-grained rubric scores, to illustrate how rubric scores are determined from a linguistic perspective, and to uncover important features of an effective rubric scoring model. This study’s findings first highlight the level of agreement that exists between two human raters for each rubric as captured in the investigated essay dataset, that is, 0.60 on average as measured by the quadratic weighted kappa (QWK). Only one related study has been found in the literature which also performed rubric score predictions through models trained on the same dataset. At best, the predictive models had an average agreement level (QWK) of 0.53 with the human raters, below the level of agreement among human raters. In contrast, this research’s findings report an average agreement level per rubric with the two human raters’ resolved scores of 0.72 (QWK), well beyond the agreement level between the two human raters. Further, the AES system proposed in this article predicts holistic essay scores through its predicted rubric scores and produces a QWK of 0.78, a competitive performance according to recent literature where cutting-edge AES tools generate agreement levels between 0.77 and 0.81, results computed as per the same procedure as in this article. This study’s AES system goes one step further toward interpretability and the provision of high-level explanations to justify the predicted holistic and rubric scores. It contends that predicting rubric scores is essential to automated essay scoring, because it reveals the reasoning behind AIED-based AES systems. Will building AIED accountability improve the trustworthiness of the formative feedback generated by AES? Will AIED-empowered AES systems thoroughly mimic, or even outperform, a competent human rater? Will such machine-grading systems be subjected to verification by human raters, thus paving the way for a human-in-the-loop assessment mechanism? Will trust in new generations of AES systems be improved with the addition of models that explain the inner workings of a deep learning black box? This study seeks to expand these horizons of AES to make the technique practical, explainable, and trustable.",207741506,82,46,,
10.1108/srj-03-2012-0035,Lifting the veil on environment-social-governance rating methods,"W. Stubbs, P. Rogers",(missing journal),2013,"Purpose - – There is growing recognition that numerous business drivers contribute to financial performance and investment returns but they are not included in a company's profit and loss statements. In the investment industry, these wider sets of value drivers are known as environment-social- governance (ESG) factors. A small number of specialized ESG rating agencies provide information to investors about the extent to which firms' behaviors are socially responsible. However, a major criticism of these rating agencies is the lack of transparency in their methods. This paper aims to examine the issues of subjectivity, transparency and uniformity of ESG ratings by exploring the methods used to assess ethics performance by an Australian rating agency. Design/methodology/approach - – A case study was conducted on an Australian ESG rating provider, Regnan. The data for the analysis were sourced from internal Regnan documents. Findings - – The paper found that a level of subjectivity is inevitable in ESG ratings and the call for uniformity may inhibit innovation, but these issues can be addressed by increased transparency of the rating methods. Research limitations/implications - – Further research is required to understand what level and, combination of, uniformity and transparency is sufficient to satisfy stakeholder requirements for ESG information. Practical implications - – The discussion of the factors underlying the ethics performance rating may prompt more open and transparent debate on how to assess ethical performance of companies, and increase investor confidence in ESG ratings. It may also provide more direction to companies on how to strengthen their ethical performance. Originality/value - – There is growing recognition that numerous business drivers contribute to financial performance and investment returns but they are not included in a company's profit and loss statements. These “ESG” factors can account for up to 66 percent of the market value of globally listed companies. In response to calls for more transparency on how ESG factors are assessed, and how ethical performance is appraised, this paper attempts to lift the veil on ESG rating methods.",223811488,51,51,,
(missing DOI),"Incorporating Dynamic Semantics into Pre-Trained Language Model for
  Aspect-based Sentiment Analysis","Zhang, Kai, Zhang, Kun, Zhang, Mengdi, Zhao, Hongke, Liu, Qi, Wu, Wei, Chen, Enhong",(missing journal),2022,"Aspect-based sentiment analysis (ABSA) predicts sentiment polarity towards a specific aspect in the given sentence. While pre-trained language models such as BERT have achieved great success, incorporating dynamic semantic changes into ABSA remains challenging. To this end, in this paper, we propose to address this problem by Dynamic Re-weighting BERT (DR-BERT), a novel method designed to learn dynamic aspect-oriented semantics for ABSA. Specifically, we first take the Stack-BERT layers as a primary encoder to grasp the overall semantic of the sentence and then fine-tune it by incorporating a lightweight Dynamic Re-weighting Adapter (DRA). Note that the DRA can pay close attention to a small region of the sentences at each step and re-weigh the vitally important words for better aspect-aware sentiment understanding. Finally, experimental results on three benchmark datasets demonstrate the effectiveness and the rationality of our proposed model and provide good interpretable insights for future semantic modeling.",227857215,22,0,,
10.2139/ssrn.4192257,Misreporting of Mandatory ESG Disclosures: Evidence from Gender Pay Gap Information,"McKenna Bailey, Stephen Glaeser, James D. Omartian, Aneesh Raghunandan",Social Science Research Network,2022,"We examine environmental, social, and governance (ESG) misreporting in the context of the UK government requirement to report gender employment ratios and pay gaps. Highlighting misreporting, many employers report a set of disclosures that are together mathematically impossible. Further, a disproportionate number of employers report perfectly balanced gender statistics, consistent with misreporting as a form of ESG-washing. Suggesting that a lack of ethical considerations encourages misreporting, employers involved in ESG controversies and who commit labor violations are more likely to misreport. Suggesting that capital market and media scrutiny discourage misreporting, employers that are the subject of an article about their gender pay gap reports and employers that receive an ESG audit or financial audit from a Big 4 auditor are less likely to misreport. Overall, our results suggest that 12%–15% of employers misreport in 2017 and 8%–11% misreport in subsequent years. Our findings highlight the importance of meaningful oversight within the context of ESG reporting.
 This paper was accepted by Ranjani Krishnan, accounting.
 Supplemental Material: The online appendix and data files are available at https://doi.org/10.1287/mnsc.2024.05125 .",231227741,11,34,,
10.1108/medar-03-2021-1247,The impact of the EU nonfinancial information directive on environmental disclosure: evidence from Italian environmentally sensitive industries,"M. Papa, M. Carrassi, Anna Lucia Muserra, Monika Wieczorek-Kosmala",Meditari Accountancy Research,2022,"
Purpose
To determine whether to entrust the European Union (EU) to create a new nonfinancial reporting framework or endorse the extant reporting framework developed by the Global Reporting Initiative (GRI), this study aims to explore whether the mandatory implementation of the EU Directive positively impacted the GRI-based environmental disclosure.


Design/methodology/approach
The authors compared the pre- and post-EU Directive environmental disclosure of 16 Italian environmentally sensitive companies. The authors used an extended coding scheme and developed a unique scoring system to compare the quantitative and qualitative changes in environmental disclosure.


Findings
The analysis showed that the quantity of environmental disclosure increased after the mandatory EU Directive adoption. The most significant change was observed regarding the disclosure topics explicitly required by the Italian legislature. Additionally, disclosure of soft information continued to prevail over that of hard information in the post-Directive period. While the Directive boosted the level of adherence to GRI standards, Italian companies disclosed information that could be easily mimicked (soft) instead of objective measures that could be verified (hard). In light of this evidence, the endorsement of extant GRI standards could be a valuable option for enhancing the comparability and transparency of environmental disclosure.


Originality/value
This study used an original extended coding system and proposed related environmental disclosure indexes that allow monitoring changes in environmental disclosure over time. To the authors’ best knowledge, this study is one of the few that justifies the significant impact of regulation (here the EU Directive) on the increase in environmental disclosure and that uses hard and soft information typology to examine the quality of environmental disclosure.
",234112946,26,91,,
10.48550/arxiv.2203.05794,BERTopic: Neural topic modeling with a class-based TF-IDF procedure,M. Grootendorst,arXiv.org,2022,"Topic models can be useful tools to discover latent topics in collections of documents. Recent studies have shown the feasibility of approach topic modeling as a clustering task. We present BERTopic, a topic model that extends this process by extracting coherent topic representation through the development of a class-based variation of TF-IDF. More specifically, BERTopic generates document embedding with pre-trained transformer-based language models, clusters these embeddings, and finally, generates topic representations with the class-based TF-IDF procedure. BERTopic generates coherent topics and remains competitive across a variety of benchmarks involving classical models and those that follow the more recent clustering approach of topic modeling.",234805757,1897,43,,
10.1080/09638180.2022.2088588,Does Voluntary ESG Reporting Resolve Disagreement among ESG Rating Agencies?,"Michael D. Kimbrough, Xu (Frank) Wang, Sijing Wei, J. Zhang",The European Accounting Review,2022,"US companies are increasingly responding to demand from investors and other stakeholders for transparent information about companies’ environmental, social, and governance (ESG) performance by issuing ESG reports on a voluntary basis. We examine whether these reports help to resolve the previously documented disagreement among ESG rating agencies about individual companies’ ESG performance. Consistent with this possibility, we find that disagreement among ESG rating agencies is lower for firms that voluntarily issue ESG reports. In particular, disclosures about the environmental and social dimensions help reduce disagreement about the company’s performance on those dimensions. Using textual analysis, we find that longer reports are associated with reduced disagreement among ESG raters while reports with more positive tones or that use a greater number of sticky words are associated with heightened disagreement. The association between ESG disclosure and ESG disagreement is more pronounced when firms obtain third-party attestations on their ESG reports, especially from accounting firms, and when firms adhere to advanced levels of Global Reporting Initiative (GRI) reporting standards. Finally, ESG disagreement is positively associated with disagreement and uncertainty in the capital market, providing strong motivation for firms to voluntarily disclose ESG reports to reduce ESG disagreement.",242067378,192,76,,
10.3390/su15010200,"Environmental, Social and Governance (ESG) Disclosure and the Small and Medium Enterprises (SMEs) Sustainability Performance","H. Shalhoob, K. Hussainey",Sustainability,2022,"This paper aims to evaluate the impact of environmental, social and governance (ESG) disclosure practices on the sustainability performance of small and medium enterprises (SMEs) in Saudi Arabia. It adopts qualitative research methods to answer the research questions through interviews, using a sample of 30 interviewees, to direct and moderate the relationship between SMEs’ sustainability performance and their disclosure of ESG practices. The results indicated that SMEs in Saudi Arabia lack awareness of ESG practices and disclosures and, therefore, the extent of their importance to sustainability performance. The findings of this research have several practical implications for different stakeholders, internally and externally, such as managers, consultants, investors, credit agencies, lenders, policymakers, government, and the overall community in the context of the potential effects of ESG disclosure practices on SMEs.",250339374,70,67,,
10.3390/su142416631,Does the Tone in Corporate Social Responsibility Reports Misdirect Analysts’ Forecasts in China?,"Xiaoying Liang, Hongjun Wu",Sustainability,2022,"With increasing emphasis being placed on corporate social responsibility, the number of companies furnishing corporate social responsibility (CSR) reports is increasing. This study investigates the impact of abnormal positive tone in CSR reports on analysts’ earnings forecast bias. The textual analysis of CSR reports of Chinese listed companies between 2006 and 2016 reveals that an abnormal positive tone significantly and positively relates to an optimistic bias in analysts’ forecasts. This effect is pronounced among companies with poor financial transparency and those operating in regions where culture is stakeholder-oriented. Further analysis confirms that the poorer the company’s CSR performance, the more it tends to mislead analysts using an abnormal positive tone in its CSR report. Based on these findings, this study suggests that firms may greenwash using an abnormally positive tone in their CSR reports.",250626085,11,44,,
10.3390/su15010309,"Technologies Empowered Environmental, Social, and Governance (ESG): An Industry 4.0 Landscape","Archana B. Saxena, Rajesh Singh, Anita Gehlot, S. Akram, Bhekisipho Twala, Aman Singh, Elisabeth Caro Montero, Neeraj Priyadarshi",Sustainability,2022,"Currently, sustainability is a vital aspect for every nation and organization to accomplish Sustainable Development Goals (SDGs) by 2030. Environmental, social, and governance (ESG) metrics are used to evaluate the sustainability level of an organization. According to the statistics, 53% of respondents in the BlackRock survey are concerned about the availability of low ESG data, which is critical for determining the organization’s sustainability level. This obstacle can be overcome by implementing Industry 4.0 technologies, which enable real-time data, data authentication, prediction, transparency, authentication, and structured data. Based on the review of previous studies, it was determined that only a few studies discussed the implementation of Industry 4.0 technologies for ESG data and evaluation. The objective of the study is to discuss the significance of ESG data and report, which is used for the evaluation of the sustainability of an organization. In this regard, the assimilation of Industry 4.0 technologies (Internet of Things (IoT), artificial intelligence (AI), blockchain, and big data for obtaining ESG data by an organization is detailed presented to study the progress of advancement of these technologies for ESG. On the basis of analysis, this study concludes that consumers are concerned about the ESG data, as most organizations develop inaccurate ESG data and suggest that these digital technologies have a crucial role in framing an accurate ESG report. After analysis a few vital conclusions are drawn such as ESG investment has benefited from AI capabilities, which previously relied on self-disclosed, annualized company information that was susceptible to inherent data issues and biases. Finally, the article discusses the vital recommendations that can be implemented for future work.",250761530,129,73,,
10.3389/fenvs.2022.975487,"Applying artificial intelligence techniques for predicting the environment, social, and governance (ESG) pillar score based on balance sheet and income statement data: A case of non-financial companies of USA, UK, and Germany","H. Raza, Muhammad Anees Khan, Muhammad Mansoor Alam, Nida Aman, Kumail Abbas, Vishal Dagar, Muhammad Owais Khan, Imran Khan",Frontiers in Environmental Science,2022,"Due to globalization, environment, social, and governance (ESG) issues have gained importance over the last few decades. ESG is a worldwide issue, which clarifies that organizations throughout the world are lacking in contribution to the environment, society, and corporate governance characteristics for sustainable development. The problem of ESG spread over all stakeholders needs to be addressed. In this regard, rating agencies also have a close eye on ESG issues and have developed the methodology of score that aims to provide disclosure on ESG metrics which, in return, help investors and asset managers better differentiate between responsible and irresponsible companies. The ESG score has become an important tool among asset managers but is highly questioned in terms of reliability. The study objective was to develop machine learning algorithms to assess how balance sheet and income statement data impact the Thomson Reuters ESG score for non-financial public companies of USA, UK, and Germany from 2008 to 2020. In addition, the study also has an objective to assess which machine learning (ML) algorithm better predicts the ESG score using structural data, that is, return on assets (ROA), return on equity (ROE), earning per share (EPS), earnings before interest and taxes (EBIT), dividend yield, and net sales. The results concluded that balance sheet and income statement data are critical in explaining the ESG score, and the ANN algorithm outperforms with minimum RMSE and MAE values. All in all, the results of the study, based on the concept of artificial intelligence, bring suggestion for improvement to regulatory bodies, researchers, academia, practitioners, publicly listed companies around the globe, and last but not the least to the US, UK, and Germany markets. Moreover, it also provides suggestions for up-to-date compliance of ESG-relevant activities for boosting the firm performance.",251673785,30,25,,
10.1111/1911-3846.12832,"FinBERT
 : A Large Language Model for Extracting Information from Financial Text†","Allen Huang, Hui Wang, Yi Yang",Contemporary Accounting Research,2022,(missing abstract),251818677,430,0,,
10.1108/sasbe-05-2022-0089,Simplified rating tool to evaluate sustainable practices of small-scale infrastructure projects in Australia – a comparative review,"M. Sandanayake, Z. Vrcelj, Yanni Bouras, H. Chau, Patrick Hastings",Smart and Sustainable Built Environment,2023,"PurposeThe present study aims to inform the requirements for developing a sustainable rating tool for small-scale infrastructure projects (SSIPs) through research findings.Design/methodology/approachA review-based comparative study of existing infrastructure sustainability (IS) rating tools for assessment of SSIPs is presented. Key stakeholder participants of the existing IS rating tools, are interviewed to identify existing barriers and requirements for sustainability rating. The study further presents possible rating tool options to optimise the sustainable performance evaluation of SSIPs.FindingsFindings of this study indicated that prevalent IS rating tools are majorly applied to large-scale infrastructure projects and sustainability of SSIPs are seldom assessed. Based on a literature review and series of interviews, it was found that user friendliness, efficient structure, training and technical support, cost effectiveness and stakeholder recognition are the five key requirements of a sustainability rating tool for SSIPs. Additionally, six sustainability assessment options were proposed for SSIPs which range from pathways for existing tools through to new, customisable tools. Upon comparison, a new modified tool with verification process and revised tool with defined grouping of sustainable criteria was more effective for evaluation of SSIPs.Research limitations/implicationsUse of case specific information for validation and framework development may lack generalisation. However, methodology can be used for future decision-making by making necessary adjustments to suit different local regional requirements.Originality/valueDespite lack of generalisation, the findings can lead to future general studies on sustainability of SSIPs. Findings of the study provide foundation knowledge and awareness for sustainability evaluation of SSIPs.",253407311,7,40,,
10.3390/su15032684,Community Governance Based on Sentiment Analysis: Towards Sustainable Management and Development,"Xudong Zhang, Zejun Yan, Qianfeng Wu, Ke Wang, Kelei Miao, Zhangquan Wang, Yourong Chen, Xudong Zhang, Zejun Yan, Qianfeng Wu, Ke Wang, Kelei Miao, Zhangquan Wang, Yourong Chen",Sustainability,2023,"The promotion of community governance by digital means is an important research topic in developing smart cities. Currently, community governance is mostly based on reactive response, which lacks timely and proactive technical means for emergency monitoring. The easiest way for residents to contact their properties is to call the property call center, and the call centers of many properties store many speech data. However, text sentiment classification in community scenes still faces challenges such as small corpus size, one-sided sentiment feature extraction, and insufficient sentiment classification accuracy. To address such problems, we propose a novel community speech text sentiment classification algorithm combining two-channel features and attention mechanisms to obtain effective emotional information and provide decision support for the emergency management of public emergencies. Firstly, text vectorization based on word position information is proposed, and a SKEP-based community speech–text enhancement model is constructed to obtain the corresponding corpus. Secondly, a dual-channel emotional text feature extraction method that integrates spatial and temporal sequences is proposed to extract diverse emotional features effectively. Finally, an improved cross-entropy loss function suitable for community speech text is proposed for model training, which can achieve sentiment analysis and obtain all aspects of community conditions. The proposed method is conducive to improving community residents’ sense of happiness, satisfaction, and fulfillment, enhancing the effectiveness and resilience of urban community governance.",253440534,4,19,,
10.48550/arxiv.2203.01054,"A Survey on Aspect-Based Sentiment Analysis: Tasks, Methods, and Challenges","Wenxuan Zhang, Xin Li, Yang Deng, Lidong Bing, W. Lam",IEEE Transactions on Knowledge and Data Engineering,2022,"As an important fine-grained sentiment analysis problem, aspect-based sentiment analysis (ABSA), aiming to analyze and understand people's opinions at the aspect level, has been attracting considerable interest in the last decade. To handle ABSA in different scenarios, various tasks are introduced for analyzing different sentiment elements and their relations, including the aspect term, aspect category, opinion term, and sentiment polarity. Unlike early ABSA works focusing on a single sentiment element, many compound ABSA tasks involving multiple elements have been studied in recent years for capturing more complete aspect-level sentiment information. However, a systematic review of various ABSA tasks and their corresponding solutions is still lacking, which we aim to fill in this survey. More specifically, we provide a new taxonomy for ABSA which organizes existing studies from the axes of concerned sentiment elements, with an emphasis on recent advances of compound ABSA tasks. From the perspective of solutions, we summarize the utilization of pre-trained language models for ABSA, which improved the performance of ABSA to a new stage. Besides, techniques for building more practical ABSA systems in cross-domain/lingual scenarios are discussed. Finally, we review some emerging topics and discuss some open challenges to outlook potential future directions of ABSA.",253706549,272,195,,
10.1108/ijppm-04-2022-0200,Metrics for measuring industrial sustainability performance in small and medium-sized enterprises,"Azemeraw Tadesse Mengistu, Roberto Panizzolo, Azemeraw Tadesse Mengistu, Roberto Panizzolo",International Journal of Productivity and Performance Management,2023,"Purpose This paper aims to identify and empirically analyze useful and applicable metrics for measuring and managing the sustainability performance of small and medium-sized enterprises (SMEs). Design/methodology/approach To achieve the objective of the paper, potential metrics were adopted from previous research related to industrial sustainability and an empirical analysis was carried to assess the applicability of the metrics by collecting empirical data from Italian footwear SMEs using a structured questionnaire. The SMEs were selected using a convenience sampling method. Findings The results of the within-case analysis and the cross-case analysis indicate that the majority of the metrics were found to be useful and applicable to each of the SMEs and across the SMEs, respectively. These metrics emphasized measuring industrial sustainability performance related to financial benefits, costs and market competitiveness for the economic sustainability dimension; resources for the environmental sustainability dimension; and customers, employees and the community for the social sustainability dimension. Research limitations/implications Apart from the within-case analysis and cross-case analysis, it was not possible to conduct statistical analysis since a small number of SMEs were accessible to collect empirical data. Originality/value The findings of the paper have considerable academic, managerial and policy implications and will provide a theoretical basis for future research on measuring and managing industrial sustainability performance. By providing a set of empirically supported metrics based on the triple bottom line approach (i.e. economic, environmental and social metrics), this paper contributes to the existing knowledge in the field of industrial sustainability performance measurement.",254451417,17,56,,
10.54941/ahfe1002916,A decision support system architecture for the development and implementation of ESG strategies at SMEs,"Evangelos Markopoulos, Haseena Al Katheeri, Hamdan Al Qayed, Evangelos Markopoulos, Haseena Al Katheeri, Hamdan Al Qayed",AHFE International,2023,"Strategic management and business development can be delivered easier in large scale organizations and Multinational Enterprisers (MNEs) due to their excess in human resources, expertise and time orientation. Small and Medium Size Enterprises (SMEs) on the other hand operate in unpredicted environments, with limited resources aiming for their survival first and then their development. The contrast between the two types of enterprises seems chaotic in numbers but not in plans and intentions. The contribution of the MNEs to national economies and impact to the society and the environment can be measured with a variety of standards, metrics and practices such as Corporate Social Responsibility (CSR), the Environmental, Social and Governance Index (ESG), the Social Responsible Investments (SRI) and other. On the other hand, SMEs that also have direct impact to the society, the local and regional economy, the employment, and offer the same, if not more, opportunities to their limited human resources in terms of skills development and effort recognition, cannot record and report such actions, plans and strategies and recognized for their responsible management and leadership. The ESG criteria help organizations develop reputational capital that evolves into financial capital. However, the effort and investments needed to score on the ESG indexes is forbidden for the SMEs who intentionally or intention successfully delivering ESG activities, in a smaller scale, without a system to record and report them. This paper introduces the core design of a decision support system that guides SMEs to maps their operations against the ESG criteria. An extensive literature review has been conducted to identity software systems that coordinate, propose and support ESG activities and analyze elements of such systems that can be extracted for the development of a light system. Such a system, with the relevant enhancements, presented in this paper can be useful tool for the SMEs to report their ESG performance. The system functions as an assessment tool providing a staged evaluation of the SMEs activities, identifies ESG gaps and proposes actions needed to fulfill the requirements of ESG criteria. The final output of the system graphs the distance between the current and the target stage of the SME on the most common ESG criteria. However, the proposed system does not evaluate the scale of each ESG activity implementation but its existence in the SME operations and the degree of its adaptation. The paper also highlights the pre and post conditions for the utilization of the proposed technology using a process map, the social economic impact, research limitations and areas of further research. The goal of this research is to indicate that SMEs can and should be awarded ESG scores as well. For this SMEs can use such supportive technologies to direct them towards ESG compliance, and report achievements and contributions that can help them attract investments needed for them to keep on delivering a greater contribution the local, and why not international, economy and society.",254586100,1,0,,
10.3390/cancers15061853,Replication of Real-World Evidence in Oncology Using Electronic Health Record Data Extracted by Machine Learning,"C. Benedum, A. Sondhi, E. Fidyk, A. Cohen, Sheila Nemeth, B. Adamson, M. Estévez, S. Bozkurt",Cancers,2023,"Simple Summary Obtaining and structuring information about the characteristics, treatments, and outcomes of people living with cancer for research purposes is difficult and resource-intensive. Oftentimes, this information can only be found in electronic health records (EHRs). In response, researchers use natural language processing with machine learning (ML extraction) techniques to extract information at scale. This study evaluated the quality and fitness-for-use of EHR-derived oncology data curated using ML extraction, relative to the standard approach, abstraction by trained experts. Using patients with lung cancer from a real-world database, we performed replication analyses demonstrating common analyses conducted in observational research. Eligible patients were selected into biomarker- and treatment-defined cohorts, first with expert-abstracted then with ML-extracted data. The study’s results and conclusions were similar regardless of the data curation method used. These results demonstrate that high-performance ML-extracted variables trained on expert-abstracted data can achieve similar results as when using abstracted data, unlocking the ability to perform oncology research at scale. Abstract Meaningful real-world evidence (RWE) generation requires unstructured data found in electronic health records (EHRs) which are often missing from administrative claims; however, obtaining relevant data from unstructured EHR sources is resource-intensive. In response, researchers are using natural language processing (NLP) with machine learning (ML) techniques (i.e., ML extraction) to extract real-world data (RWD) at scale. This study assessed the quality and fitness-for-use of EHR-derived oncology data curated using NLP with ML as compared to the reference standard of expert abstraction. Using a sample of 186,313 patients with lung cancer from a nationwide EHR-derived de-identified database, we performed a series of replication analyses demonstrating some common analyses conducted in retrospective observational research with complex EHR-derived data to generate evidence. Eligible patients were selected into biomarker- and treatment-defined cohorts, first with expert-abstracted then with ML-extracted data. We utilized the biomarker- and treatment-defined cohorts to perform analyses related to biomarker-associated survival and treatment comparative effectiveness, respectively. Across all analyses, the results differed by less than 8% between the data curation methods, and similar conclusions were reached. These results highlight that high-performance ML-extracted variables trained on expert-abstracted data can achieve similar results as when using abstracted data, unlocking the ability to perform oncology research at scale.",255383214,22,38,,
10.1111/joms.12920,Floodlight or Spotlight? Public Attention and the Selective Disclosure of Environmental Information,"Shawn Pope, Jonathan Peillex, Imane El Ouadghiri, Mathieu Gomes",Journal of Management Studies,2023,"To meet growing demands for information on their environmental impacts, firms may engage in selective disclosure by strategically reporting only a subset of relevant data. In this article, we draw out and problematize an antecedent to selective disclosure, public attention. Prior studies suggest that public attention brings scrutiny that reduces selective disclosure by increasing the risk of getting caught (the floodlight thesis). The impression management literature, however, suggests that public attention offers the possibility of broad-based image benefits from the disclosure of strategically filtered data (the spotlight thesis). Panel regressions with Trucost data from 2008–19 provide overall support for the spotlight thesis as well as a negative moderator, environmental damage. Results also point to an underlying mechanism: Companies receiving public attention disclose a larger number of environmental metrics, but not ones that, altogether, represent more environmental damage, a tactic that we call strategic fluffing.",257615314,53,80,,
10.48550/arxiv.2012.14740,"LayoutLMv2: Multi-modal Pre-training for Visually-Rich Document
  Understanding","Yang Xu, Yiheng Xu, Tengchao Lv, Lei Cui, Furu Wei, Guoxin Wang, Yijuan Lu, Dinei Florencio, Cha Zhang, Wanxiang Che, Min Zhang, Lidong Zhou",arXiv (Cornell University),2020,"Pre-training of text and layout has proved effective in a variety of visually-rich document understanding tasks due to its effective model architecture and the advantage of large-scale unlabeled scanned/digital-born documents. We propose LayoutLMv2 architecture with new pre-training tasks to model the interaction among text, layout, and image in a single multi-modal framework. Specifically, with a two-stream multi-modal Transformer encoder, LayoutLMv2 uses not only the existing masked visual-language modeling task but also the new text-image alignment and text-image matching tasks, which make it better capture the cross-modality interaction in the pre-training stage. Meanwhile, it also integrates a spatial-aware self-attention mechanism into the Transformer architecture so that the model can fully understand the relative positional relationship among different text blocks. Experiment results show that LayoutLMv2 outperforms LayoutLM by a large margin and achieves new state-of-the-art results on a wide variety of downstream visually-rich document understanding tasks, including FUNSD (0.7895 $\to$ 0.8420), CORD (0.9493 $\to$ 0.9601), SROIE (0.9524 $\to$ 0.9781), Kleister-NDA (0.8340 $\to$ 0.8520), RVL-CDIP (0.9443 $\to$ 0.9564), and DocVQA (0.7295 $\to$ 0.8672). We made our model and code publicly available at \url{https://aka.ms/layoutlmv2}.",257688081,12,16,,
10.3390/engproc2023039062,Improving the Accuracy of Firm Failure Forecasting Using Non-Financial Variables: The Case of Croatian SME,"Tamara Kuvek, Ivica Pervan, Maja Pervan",ITISE 2023,2023,"Empirical findings based on a bivariate logistic regression model with two SME categories (successful and failed) indicate that by adding non-financial indicators to the model based on financial variables, the accuracy of forecasting increases significantly. Namely, the total classification error decreases by an average of 26.99%, while the AUROC value increases by an average of 7.33%. In the additional model, with three firm categories (successful, sensitive, and failed), the findings reveal that one financial variable (self-financing) and three non-financial variables (orderly settlement of obligations, export, and age) significantly explain the occurrence of the early stage of SME failure.",263289698,1,24,,
10.1108/sampj-07-2022-0365,Evaluating the outcome effectiveness of the global reporting initiative transitions,"Ramona Zharfpeykan, C. Akroyd","Sustainability Accounting, Management and Policy Journal",2023,"
Purpose
This paper aims to evaluate the outcome effectiveness of the global reporting initiatives (GRI) transitions by understanding how companies have responded to the changes from G3.1 to G4 and finally to the GRI Standards.


Design/methodology/approach
A quality disclosure score is developed that incorporates assessments of both the quality of disclosures and the materiality of Australian companies. To analyse materiality, survey data were collected from 187 companies. Disclosure scores are based on a content analysis of the sustainability reports of 12 mining and metals companies and 12 financial services companies that used the GRI Standards from 2011 to 2019 (a total of 213 reports).


Findings
The study found that the GRI transitions have not led to companies improving the quality of their disclosures on areas considered important for them to achieve their social and environmental goals. Instead, the companies tended to use a greenwashing strategy, where the quality of disclosure of material issues declined or fluctuated over time.


Practical implications
From a practical perspective, the disclosure score developed in this paper enables managers of companies to recognize a threshold of completeness and to summarize the areas that are not materially relevant to their business.


Social implications
The results are potentially helpful for investors, shareholders and other stakeholders, enabling them to better understand sustainability reports.


Originality/value
This study contributes to the body of research in sustainability reporting by providing evidence on the outcome effectiveness of the latest updates in the GRI framework.
",263308661,18,49,,
10.54941/ahfe1004075,An organizational and operational capability and maturity assessment for SMEs in emerging markets towards the ESG criteria adaptation,"Haseena Alkatheeri, Evangelos Markopoulos, Hamdan Hamdan Al-qayed",AHFE international,2023,"SMEs are considered the backbone of every economy forming nearly 95% of the private sector globally. As they are mostly family businesses, start-ups or specialized enterprises, they operate mainly locally or regionally with a direct impact to the society, the, employment and the national economy. On the other hand, due to their limited size and operations they cannot afford the cost and effort needed for long term planning and strategy development that can secure the value, volume, reputation and recognition needed to attract investments. The ESG criteria can be considered as a privilege system primarily for the large-scale organizations and the Multinational Enterprises whose financial and human resources can be easier allocated on ESG activities that return serious financial and reputational benefits. Research indicates that more than 90% of the investors invest only in companies with high social and sustainable profiles. The message from investors and consumers is that if companies cant show any sign of changing their business models, they wont be able to sell. The same applies at country level. Finland for example does not offer any business opportunities to any company that does not have a solid and proven sustainability strategy and track record. This trend, for clients and investors, to consider only Green (sustainable) or Pink (Social) products and companies for their purchases and investments, drives all types of organizations towards that adaptation of the ESG criteria. However, and since such a strategy requires investments, resources, funds and time that only Multinational organizations can provide, SMEs are left out from any opportunity to develop, grow, and compete. This paper highlights this ESG discrimination among the SMEs and MNEs and intends to bridge this gap by identifying, in a smaller scale, activities that reflect the ESG criteria and can be implemented by the SMEs at organizational and operational level. Such an approach provides SMEs the opportunity to record, report and receive credit, visibility and recognition for their sustainable, social and ethical governance efforts and actions, that can potentially enlarge their customer base and attract the investments needed to further develop themselves. The proposed approach is based on an assessment that creates an SME ESG roadmap framework for the SMEs to initially identify their ESG awareness and maturity before adopting any ESG related strategy and commitment. The assessment highlights the SMEs capability and maturity to adopt such a mid-range strategy and align their operations with the ESG criteria on a smaller scale. The results of the assessment formulate an achievable ESG related strategy for each SME, identify the key ESG activities to be implemented, indicate their order of execution, and predict a performance score upon the completion of the proposed strategy. This score can be utilized by SMES to receive social, reputational and financial recognition for their contribution to the local and regional society and economy. To secure the relevance of the SMEs ESG oriented activities with the actual ESG requirements, the proposed approach has been developed after studying several ESG reporting and scoring methodologies such as the Refinitiv, FTSE Russel, BHI, and others, and extractive the most relevant ESG requirements and metrics that can be implemented and measured with the abilities of an SME.Due to the significant variations of the SMEs operations, the proposed framework is targeted primarily to SMEs in emerging markets where the economic development and a structured business environments can help such a novel approach in SMEs strategic management and leadership.",263746652,1,0,,
10.1007/s10479-023-05514-z,ESG ratings explainability through machine learning techniques,"Alessandro Del Vitto, Daniele Marazzina, Davide Stocco",Annals of Operations Research,2023,"Environmental, Social, and Governance (ESG) scores are quantitative assessments of companies’ commitment to sustainability that have become extremely popular tools in the financial industry. However, transparency in the ESG assessment process is still far from being achieved. In fact there is no full disclosure on how the ratings are computed. As a matter of fact, rating agencies determine ESG ratings (as a function of the E, S and G scores) through proprietary models which public knowledge is limited to what the data provider effectively chooses to disclose, that, in many cases, is restricted only to the main ideas and essential principles of the procedure. The goal of this work is to exploit machine learning techniques to shed light on the ESG ratings issuance process. In particular, we focus on the Refinitiv data provider, widely used both from practitioners and from academics, and we consider white-box and black-box mathematical models to reconstruct the E, S, and G ratings’ assessment model. The results show that it is possible to replicate the underlying assessment process with a satisfying level of accuracy, shedding light on the proprietary models employed by the data provider. However, there is evidence of persisting unlearnable noise that even more complex models cannot eliminate. Finally, we consider some interpretability instruments to identify the most important factors explaining the ESG ratings.",263891742,63,25,,
10.1002/csr.2567,"Role of environmental, social, and governance rating data in predicting financial risk and risk management","Jiajia Liu, Zhenzhen Ge, Yahan Wang",Corporate Social Responsibility and Environmental Management,2023,"Traditional industrial enterprises are primarily high pollution enterprises and high energy consumption. The achievement of the “dual carbon” motive in Chinese economic activities and environmental protection plays a chief role incorporating the environmental, social, and governance (ESG) into the risk management system of industrial enterprises. However, the industrial enterprises participating in ESG rating account for 46.97% of the listed enterprises, and the industrial enterprises that pay attention to ESG information disclosure account for 35.77% of the listed enterprises. Is ESG rating essential for the enhancement of industrial enterprises? Based on the transformation and upgrading of industrial enterprises, this research investigates how the ESG rating and ESG information disclosure affect the financial risk of industrial enterprises in China. The findings suggest that: (1) In China for industrial enterprise ESG plays an essential role which results in decrease in financial problems of industrial enterprise. (2) ESG is influential on monetary risk of industrial enterprise, the quality of enterprise ESG information disclosure plays an important intermediary role. (3) The lagging of ESG rating by one period is significantly positive related to the financial risk of industrial enterprises, and the financial risk prediction of industrial enterprises can be effectively indicated by the ESG rating data, which exhibits a stronger correlation coefficient than the existing rating system.",265054951,24,57,,
10.1108/sampj-02-2023-0097,"How will AI text generation and processing impact sustainability reporting? Critical analysis, a conceptual framework and avenues for future research","C. de Villiers, Ruth Dimes, Matteo Molinari","Sustainability Accounting, Management and Policy Journal",2023,"
Purpose
The ability of generative artificial intelligence (AI) tools such as ChatGPT to produce convincing, human-like text has major implications for the future of corporate reporting, including sustainability reporting. As the importance of sustainability reporting continues to grow, this study aims to critically analyse the benefits and pitfalls of automated text generation and processing.


Design/methodology/approach
This study develops a conceptual framework to delineate the field, assess the implications and form the basis for the generation of research questions. This study uses Alvesson and Deetz’s critical framework, considering insight (a review of literature and practice in the field), critique (consideration of the influences on the production and use of non-financial information and the implications for assurers of such information) and transformative redefinition (considering the implications of generative AI for sustainability reporting and proposing a research agenda).


Findings
This study highlights the implications of generative AI for sustainability accounting, reporting, assurance and report usage, including the risk of AI facilitating greenwashing, and the importance of more research on the use of AI for these matters.


Practical implications
The paper highlights to stakeholders the implications of AI for all aspects of sustainability reporting, including accounting, reporting, assurance and usage of reports.


Social implications
The implications of AI need to be understood in society, which this paper facilitates.


Originality/value
This study critically analyses the potential use of AI for sustainability reporting, construct a conceptual framework to delineate the field and develop a research agenda.
",265394994,109,57,,
10.1145/3583780.3615118,DynamicESG: A Dataset for Dynamically Unearthing ESG Ratings from News Articles,"Yu-Min Tseng, Chung-Chi Chen, Hen-Hsen Huang, Hsin-Hsi Chen",International Conference on Information and Knowledge Management,2023,"This paper introduces the DynamicESG dataset, a unique resource for dynamically extracting ESG ratings from news articles. The ESG rating, a novel metric employed annually to gauge a company's sustainability, relies heavily on corporate disclosure and other external information, especially news narratives. Our dataset, comprising a wide spectrum of news over a twelve-year span, annotates articles in accordance with MSCI ESG ratings methodology and SASB standards, with relevance to ESG issues. DynamicESG provides a comprehensive means of investigating the relationship between public discourse, ESG-related events, and subsequent ESG rating adjustments. We detail our data collection, curation, annotation procedure, and inter-rater agreement, ensuring high data quality and usability. Importantly, our dataset includes a temporal dimension, enabling the analysis of longitudinal trends in ESG ratings and their correlation with news coverage. Moreover, the dataset incorporates an opportunity/risk tendency, thus permitting analysis from diverse perspectives to discern if the news is beneficial or detrimental to the company. We believe this dataset will serve as a valuable resource for researchers in fields such as corporate social responsibility, sustainable investing, machine learning, and natural language processing. Initial analysis using the dataset underscores its potential to facilitate new insights into the dynamics of ESG ratings and the influence of news media on these ratings.",265463047,13,18,,
10.48550/arxiv.2309.13297,OATS: Opinion Aspect Target Sentiment Quadruple Extraction Dataset for Aspect-Based Sentiment Analysis,"Siva Uday Sampreeth Chebolu, Franck Dernoncourt, Nedim Lipka, T. Solorio",arXiv.org,2023,"Aspect-based sentiment analysis (ABSA) delves into understanding sentiments specific to distinct elements within a user-generated review. It aims to analyze user-generated reviews to determine a) the target entity being reviewed, b) the high-level aspect to which it belongs, c) the sentiment words used to express the opinion, and d) the sentiment expressed toward the targets and the aspects. While various benchmark datasets have fostered advancements in ABSA, they often come with domain limitations and data granularity challenges. Addressing these, we introduce the OATS dataset, which encompasses three fresh domains and consists of 27,470 sentence-level quadruples and 17,092 review-level tuples. Our initiative seeks to bridge specific observed gaps in existing datasets: the recurrent focus on familiar domains like restaurants and laptops, limited data for intricate quadruple extraction tasks, and an occasional oversight of the synergy between sentence and review-level sentiments. Moreover, to elucidate OATS’s potential and shed light on various ABSA subtasks that OATS can solve, we conducted experiments, establishing initial baselines. We hope the OATS dataset augments current resources, paving the way for an encompassing exploration of ABSA (https://github.com/RiTUAL-UH/OATS-ABSA).",265690657,1,40,,
10.48550/arxiv.2310.05628,Glitter or gold? Deriving structured insights from sustainability reports via large language models,"Marco Bronzini, Carlo Nicolini, B. Lepri, Andrea Passerini, Jacopo Staiano",arXiv.org,2023,"Over the last decade, several regulatory bodies have started requiring the disclosure of non-financial information from publicly listed companies, in light of the investors’ increasing attention to Environmental, Social, and Governance (ESG) issues. Publicly released information on sustainability practices is often disclosed in diverse, unstructured, and multi-modal documentation. This poses a challenge in efficiently gathering and aligning the data into a unified framework to derive insights related to Corporate Social Responsibility (CSR). Thus, using Information Extraction (IE) methods becomes an intuitive choice for delivering insightful and actionable data to stakeholders. In this study, we employ Large Language Models (LLMs), In-Context Learning, and the Retrieval-Augmented Generation (RAG) paradigm to extract structured insights related to ESG aspects from companies’ sustainability reports. We then leverage graph-based representations to conduct statistical analyses concerning the extracted insights. These analyses revealed that ESG criteria cover a wide range of topics, exceeding 500, often beyond those considered in existing categorizations, and are addressed by companies through a variety of initiatives. Moreover, disclosure similarities emerged among companies from the same region or sector, validating ongoing hypotheses in the ESG literature. Lastly, by incorporating additional company attributes into our analyses, we investigated which factors impact the most on companies’ ESG ratings, showing that ESG disclosure affects the obtained ratings more than other financial or company data.",265837353,15,130,,
10.18653/v1/2023.findings-emnlp.193,Reducing Spurious Correlations in Aspect-based Sentiment Analysis with Explanation from Large Language Models,"Qianlong Wang, Keyang Ding, Bin Liang, Min Yang, Ruifeng Xu",Conference on Empirical Methods in Natural Language Processing,2023,"Recently, aspect-based sentiment analysis (ABSA) models have yielded promising results. However, they are susceptible to learning spurious correlations between certain words of the input text and output labels while modeling the sentiment feature of the aspect. This spurious correlation will potentially undermine the performance of ABSA models. One direct so-lution for this problem is to make the model see and learn an explanation of sentiment expression rather than certain words. Motivated by this, we exploit explanations for the sentiment polarity of each aspect from large language models (LLMs) to reduce spurious correlations in ABSA. First, we formulate a prompt template that wraps the sentence, an aspect, and the sentiment label. This template is utilized to prompt LLMs to generate an appropriate explanation that states the sentiment cause. Then, we propose two straightforward yet effective meth-ods to leverage the explanation for preventing the learning of spurious correlations. We conducted extensive comparative experiments on five datasets by integrating them with some representative ABSA models. Results show that our methods can achieve performance gains and enhance the performance and generalization ability of ABSA models.",267077868,11,39,,
10.5604/01.3001.0054.0890,Sustainable performance management in the EU SME sector. A review and analysis of concepts and methods of strategic management accounting,"Brian Jones, Albana Rasha, Joanna Dyczkowska, Tomasz Dyczkowski",Zeszyty Teoretyczne Rachunkowości,2023,"Purpose: The paper’s main objective is to structure the knowledge of the existing regulatory frameworks, projects and actions that support sustainable performance management (SPM) in small and medium-sized enterprises (SMEs) against the backdrop of the growing significance of the circular economy. The paper will also evidence how strategic management accounting (SMA) assists this process, what individual metrics, dashboards or scorecard concepts have been proposed and how their use may be assessed. Methodology/approach: The research methods include (1) a descriptive systematic analysis of the policies established by the policymakers and regulators in the EU, (2) a comparative analysis of various organisations’ initiatives, actions, delivered toolkits and their outputs, and (3) a literature review of the essential works and research studies on sustainable business models (SBMs), circular business models (CBMs) and SPM in the context of SMEs. Findings: The policies established in the EU support SPM by encouraging SMEs to be involved in sustainable business practices and indicating how to embark on a green transition. Recently, multiple initiatives have been aimed at indicating the opportunities the closed-loop economy system offers SMEs. Many toolkits have also been developed to help SMEs measure their sustainable performance. Although this measurement is vital for SMEs, the business practice falls behind the regulatory framework. Therefore, internal initiatives from the SME sector are needed to popularise the sustainability concept. Research limitations/implications: SMEs show lower levels of compliance with environmental requirements and are unaware of how their activities affect the environment. A limitation of the research is that, in many cases, SMEs are not ready to respond properly to the ESG requirements imposed by regulators. The reason may be a lack of knowledge, experience and limited funds. Therefore, future research should focus on recognizing the gaps in this area and identifying what may be impeding the development of sustainability performance management in SMEs. Originality/value: The work presents the evolution path from the traditional business models (TBMs) through the SBMs to innovative CBMs and addresses their distinctive features. It contributes to the existing knowledge about SMA in SMEs by analysing its links with SPM.",267484689,5,10,,
10.3390/su152416872,"esg2go: A Method to Reduce Bias, Improve Coherence, and Increase Practicality of ESG Rating and Reporting","Isa Cakir, Philipp Aerni, Max Bergman, Benjamin Cakir",Sustainability,2023,"Rating agencies that assess a company’s environmental, social, and corporate governance (ESG) impact have been subject to public and academic scrutiny due to divergent and often biased rating outcomes. Concurrently, an evolving regulatory environment mandates publicly listed companies to report on ESG and climate emissions, taking into account supply chain risks as well. As a result, small and medium-sized enterprises (SMEs) are increasingly asked as suppliers to present a credible sustainability certificate. The esg2go rating and reporting system aims at improving the credibility and practicality of corporate sustainability assessment. It was jointly developed with its users and relevant stakeholders and is based on a calibrated benchmarking system from verifiable data. The rating method enables the measurement and comparison of sector- and firm size-specific sustainability performance. Its underlying adaptive parametrization is derived from a coherent and pragmatic definition of SME sustainability as the ‘ability to co-exist’. Our data analyses indicate that our scoring function is able to minimize bias and deliver a fair comparability between SMEs. We conclude that esg2go represents a pragmatic and innovative approach to enhance the fairness and accuracy of corporate sustainability assessment.",267851508,8,46,,
10.1109/bigdata59044.2023.10386798,Detecting Greenwashing in Sustainability Disclosures: A Prediction Model for KOSPI 200 Enterprises using ESG-BERT,"Seonu Kim, Yoel Shin, SeongWoo Park, Semakula Joel, Seon Tae Kim, Joo Hee Oh",BigData Congress [Services Society],2023,"This research is centered on the development of a BERT-based metric for greenwashing, designed to address the existing limitations inherent in ESG assessment methodologies. Unlike standard assessments, ESG-BERT considers real-time policy details and reduces the risk of inaccurate evaluations and greenwashing. We employed ESG-BERT along with financial and environmental data to predict greenwashing among Korean KOSPI200 companies. By using advanced machine learning models like ANN, LR, RF, and XGB, the study found that XGB performs best in predicting greenwashing. Furthermore, the study compares greenwashing predictions between companies with top5 and bottom5 ESG ratings. The results showed better performance for the top 5 companies compared to the bottom 5 companies.",268422550,2,7,,
10.1007/s10994-023-06436-4,Reduced implication-bias logic loss for neuro-symbolic learning,"Haoyuan He, Wang-Zhou Dai, Ming Li, Yu Liu, Yongchang Ma",Machine-mediated learning,2024,"Integrating logical reasoning and machine learning by ap- proximating logical inference with differentiable operators is a widely used technique in Neuro-Symbolic systems. How- ever, some differentiable operators could bring a signiﬁcant bias during backpropagation and degrade the performance of Neuro-Symbolic learning. In this paper, we reveal that this bias, named Implication Bias is common in loss functions derived from fuzzy logic operators. Furthermore, we propose a simple yet effective method to transform the biased loss functions into Reduced Implication-bias Logic Loss (RILL) to address the above problem. Empirical study shows that RILL can achieve signiﬁcant improvements compared with the biased logic loss functions, especially when the knowl- edge base is incomplete, and keeps more robust than the compared methods when labelled data is insufﬁcient.",269046659,4,49,,
10.2139/ssrn.4697807,"Does the Interaction of Informativeness, Readability, and Sentiment within Company’s Sustainability Disclosure Shape an Entity’s ESG Score? – Evidence from Germany","Thorben Bonn, Aurin Gaida-Albers",Social Science Research Network,2024,"The integration of ESG practices in sustainability disclosure as well as the increasingly evolving regulations in the European Union and Germany signify a transformative shift in individual behaviors and corporate dynamics. Thus, the focus on sustainability disclosure by German companies has increased, along with the evaluation of ESG performance through rating agencies. Since sustainability disclosure emphasizes qualitative information, it is not surprising that both, management and analysts, prioritize the textual content of such reports. This leads to the question of how textual elements of a company’s sustainability disclosure are related to analysts’ ESG scores. To address this research question, we analyze sustainability disclosure of companies listed in the German Prime Standard for financial years from 2017 to 2022 in terms of informativeness, readability, and sentiment by using OLS panel regression analyses. Our research contributes to the growing sustainability disclosure literature by referring to companies within the German regulatory framework, utilizing state-of-the-art LLMs FinBERT and FinBERT-ESG, applying various methods for textual analysis. The results of our study suggest that a high level of transparency, precision, and comprehensibility of language are important factors in achieving a superior ESG score.",269287437,0,0,,
10.48550/arxiv.2403.01063,FaiMA: Feature-aware In-context Learning for Multi-domain Aspect-based Sentiment Analysis,"Songhua Yang, Xinke Jiang, Hanjie Zhao, Wenxuan Zeng, Hongde Liu, Yuxiang Jia",International Conference on Language Resources and Evaluation,2024,"Multi-domain aspect-based sentiment analysis (ABSA) seeks to capture fine-grained sentiment across diverse domains. While existing research narrowly focuses on single-domain applications constrained by methodological limitations and data scarcity, the reality is that sentiment naturally traverses multiple domains. Although large language models (LLMs) offer a promising solution for ABSA, it is difficult to integrate effectively with established techniques, including graph-based models and linguistics, because modifying their internal architecture is not easy. To alleviate this problem, we propose a novel framework, Feature-aware In-context Learning for Multi-domain ABSA (FaiMA). The core insight of FaiMA is to utilize in-context learning (ICL) as a feature-aware mechanism that facilitates adaptive learning in multi-domain ABSA tasks. Specifically, we employ a multi-head graph attention network as a text encoder optimized by heuristic rules for linguistic, domain, and sentiment features. Through contrastive learning, we optimize sentence representations by focusing on these diverse features. Additionally, we construct an efficient indexing mechanism, allowing FaiMA to stably retrieve highly relevant examples across multiple dimensions for any given input. To evaluate the efficacy of FaiMA, we build the first multi-domain ABSA benchmark dataset. Extensive experimental results demonstrate that FaiMA achieves significant performance improvements in multiple domains compared to baselines, increasing F1 by 2.07% on average. Source code and data sets are available at https://github.com/SupritYoung/FaiMA.",270348658,8,41,,
10.3390/su16062571,Peeking into Corporate Greenwashing through the Readability of ESG Disclosures,"Peng Hu, Xuming Li, Nian Li, Yiying Wang, Derek D. Wang",Sustainability,2024,"Faced with the widespread issue of greenwashing, there is a pressing need for an effective approach to assess the extent of corporate involvement in such hypocritical practices. This study aims to address this concern by examining the association between corporate ESG disclosures’ readability and greenwashing. We gauge the readability using a modified Fog Index and construct a company’s peer-relative greenwashing score based on data from third-party databases. The empirical analysis reveals a negative relationship between the level of corporate greenwashing and the readability of its ESG disclosures, suggesting that companies whose ESG disclosures are more readable are less likely to engage in greenwashing. This negative relationship is particularly pronounced in companies characterized by higher levels of information asymmetry. However, the relationship is weaker after 2018, when the “Code of Corporate Governance for Listed Companies” was implemented. In conclusion, our research highlights the significance of ESG disclosure readability in effectively conveying and predicting corporate greenwashing practices. This study provides valuable insights for investors seeking to evaluate corporate performance and make well-informed investment decisions.",270618027,12,87,,
10.1007/978-3-031-56435-2_8,GreenScreen: A Multimodal Dataset for Detecting Corporate Greenwashing in the Wild,"Ujjwal Sharma, Stevan Rudinac, Joris Demmers, Willemijn van Dolen, Marcel Worring",Lecture Notes in Computer Science,2024,"""Greenwashing, a form of deceptive marketing where organizations attempt to convince consumers that their offerings and operations are environmentally sound, can cause lasting damage to sustainability efforts by confusing consumers and eroding trust in genuine pro-sustainability actions. Nonetheless, capturing greenwashing """"in the wild"""" remains challenging because greenwashed content frequently employs subliminal messaging through abstract semantic concepts that require subjective interpretation and contextualization within the context of the parent company's actual environmental performance. Moreover",270659981,3,12,,
10.1108/mrr-07-2023-0526,Decoding mood of the Twitterverse on ESG investing: opinion mining and key themes using machine learning,"Rachana Jaiswal, Shashank Gupta, A. Tiwari",Management Research Review,2024,"Purpose
Grounded in the stakeholder theory and signaling theory, this study aims to broaden the research agenda on environmental, social and governance (ESG) investing by uncovering public sentiments and key themes using Twitter data spanning from 2009 to 2022.

Design/methodology/approach
Using various machine learning models for text tonality analysis and topic modeling, this research scrutinizes 1,842,985 Twitter texts to extract prevalent ESG investing trends and gauge their sentiment.

Findings
Gibbs Sampling Dirichlet Multinomial Mixture emerges as the optimal topic modeling method, unveiling significant topics such as “Physical risk of climate change,” “Employee Health, Safety and well-being” and “Water management and Scarcity.” RoBERTa, an attention-based model, outperforms other machine learning models in sentiment analysis, revealing a predominantly positive shift in public sentiment toward ESG investing over the past five years.

Research limitations/implications
This study establishes a framework for sentiment analysis and topic modeling on alternative data, offering a foundation for future research. Prospective studies can enhance insights by incorporating data from additional social media platforms like LinkedIn and Facebook.

Practical implications
Leveraging unstructured data on ESG from platforms like Twitter provides a novel avenue to capture company-related information, supplementing traditional self-reported sustainability disclosures. This approach opens new possibilities for understanding a company’s ESG standing.

Social implications
By shedding light on public perceptions of ESG investing, this research uncovers influential factors that often elude traditional corporate reporting. The findings empower both investors and the general public, aiding managers in refining ESG and management strategies.

Originality/value
This study marks a groundbreaking contribution to scholarly exploration, to the best of the authors’ knowledge, by being the first to analyze unstructured Twitter data in the context of ESG investing, offering unique insights and advancing the understanding of this emerging field.
",270757517,34,146,,
10.1145/3647722.3647742,Predicting ESG Ratings by Machine Learning and Analyzing Influencing Factors by XAI,"Jeong-Cheol Choi, Qiuying Chen, Sang-Joon Lee",International Conferences on Software Engineering and Information Management,2024,"This study examines the role of Environmental, Social, and Governance (ESG) management in corporate strategy, particularly focusing on predicting ESG ratings with machine learning. Given the diverse ESG evaluation criteria employed by global rating agencies, there's a need for clear guidelines to facilitate effective ESG management. The research aims to develop an ESG rating prediction model utilizing a triennial compendium of Korean corporate financial data. This process involves a comparative analysis of linear models, tree-based models, and neural network-based models. Additionally, this study explains the importance of various variables by applying SHAP, one of the XAI techniques. The results indicate that XGB is the most effective, achieving an 85.1% F1 score in ESG rating predictions. By understanding how financial factors impact ESG ratings, companies can develop more effective ESG strategies, forming an essential foundation for sustainable growth.",271581953,0,26,,
10.1002/csr.2808,How do firms react to capital market liberalization? Evidence from ESG reporting greenwashing,"Guangrui Liu, Hao Qian, Yong Shi, Deli Yuan, Ming Zhou",Corporate Social Responsibility and Environmental Management,2024,"Based on catering theory, this study employs a difference‐in‐differences model to investigate the impact of capital market liberalization on environmental, social, and governance (ESG) reporting greenwashing using mainland Hong Kong Connection Programs as a quasinatural experiment. Our findings indicate that corporate management increasingly engages in ESG reporting greenwashing in capital market liberalization to cater to foreign investors. This conclusion remains valid after controlling for endogeneity. Mechanistic analysis indicates that investor sentiment increases with capital market liberalization. In response, corporate management intensifies ESG reporting greenwashing to cater to foreign investors, and analysts' focus does not serve as a supervisory mechanism for restraining ESG reports greenwashing. Heterogeneity tests demonstrate that ESG reports greenwashing within the capital market diminishes for mandatory disclosure and state‐owned firms. However, ESG reports greenwashing intensifies among firms facing high financing constraints amid capital market liberalization. Overall, we identify a significant catering effect on ESG reporting amid capital market liberalization, offering a novel theoretical framework on greenwashing in ESG disclosures.",271695946,37,63,,
10.3390/computers13040092,The Explainability of Transformers: Current Status and Directions,"Paolo Fantozzi, Maurizio Naldi",De Computis,2024,"An increasing demand for model explainability has accompanied the widespread adoption of transformers in various fields of applications. In this paper, we conduct a survey of the existing literature on the explainability of transformers. We provide a taxonomy of methods based on the combination of transformer components that are leveraged to arrive at the explanation. For each method, we describe its mechanism and survey its applications. We find out that attention-based methods, both alone and in conjunction with activation-based and gradient-based methods, are the most employed ones. A growing attention is also devoted to the deployment of visualization techniques to help the explanation process.",272122659,30,0,,
10.1145/3663674,"Learning Dynamic Multimodal Network Slot Concepts from the Web for Forecasting Environmental, Social and Governance Ratings","Gary (Ming) Ang, Ee-Peng Lim",ACM Transactions on the Web,2024,"Dynamic multimodal networks are networks with node attributes from different modalities where the attributes and network relationships evolve across time, i.e., both networks and multimodal attributes are dynamic; for example, dynamic relationship networks between companies that evolve across time due to changes in business strategies and alliances, which are associated with dynamic company attributes from multiple modalities such as textual online news, categorical events, and numerical financial-related data. Such information can be useful in predictive tasks involving companies. Environmental, social, and governance (ESG) ratings of companies are important for assessing the sustainability risks of companies. The process of generating ESG ratings by expert analysts is, however, laborious and time-intensive. We thus explore the use of dynamic multimodal networks extracted from the web for forecasting ESG ratings. Learning such dynamic multimodal networks from the web for forecasting ESG ratings is, however, challenging due to its heterogeneity and the low signal-to-noise ratios and non-stationary distributions of web information. Human analysts cope with such issues by learning concepts from past experience through relational thinking and scanning for such concepts when analyzing new information about a company. In this article, we propose the Dynamic Multimodal Slot Concept Attention-based Network (DynScan) model. DynScan utilizes slot attention mechanisms together with slot concept alignment and disentanglement loss functions to learn latent slot concepts from dynamic multimodal networks to improve performance on ESG rating forecasting tasks. DynScan is evaluated on forecasting tasks on six datasets, comprising three ESG ratings across two sets of companies. Our experiments show that DynScan outperforms other state-of-the-art models on these forecasting tasks. We also visualize the slot concepts learned by DynScan on five synthetic datasets and three real-world datasets and observe distinct and meaningful slot concepts being learned by DynScan across both synthetic and real-world datasets.",273781268,1,74,,
10.31410/itema.2023.167,A Short Guidance for SME Sustainability Reporting at the EU Level,"Dominika P. Gałkiewicz, Veronika Gaßner","International Scientific Conference ITEMA. Recent Advances in Information Technology, Tourism, Economics, Management and Agriculture",2023,"Environment, Social and Governance (ESG) related regulations such as the Non-Financial Reporting Directive (NFRD) or the upcoming Tax­onomy Regulation of the European Union (EU) combined with the Corporate Sustainability Reporting Directive (CSRD) had and will have a lasting impact on various market participants including small and medium-sized enterpris­es (SMEs). Among these market participants, SMEs face difficulties in comply­ing with sustainability reporting due to limited resources and the absence of SME-specific guidelines. To address this issue, a framework for SME sustain­ability reporting in the EU is proposed in this study. The framework consists of a seven-step process that helps companies and stakeholders prioritize rele­vant sustainability topics. The proposed framework is easy to implement and cost-effective, considering the unique characteristics and capabilities of SMEs. The study targets managing directors and decision-makers of German SMEs to assist them in preparing their sustainability reports. The minimum content elements for SME sustainability reporting include general disclosures, climate change, own workforce, and materiality assessment. The European Financial Reporting Advisory Group (EFRAG) plans to provide a digital questionnaire for SMEs to gather the necessary information. Proactive sustainability reporting can help SMEs improve stakeholder relations and optimize their internal pro­cesses, leading to competitive advantages and cost savings. However, it is im­portant to note that authenticity, high quality, and transparency in disclos­ing sustainability aspects are crucial to avoid reputational damage resulting from greenwashing.",274134849,0,3,,
10.1109/access.2024.3426329,Uncovering Concerns of Citizens Through Machine Learning and Social Network Sentiment Analysis,"Sandra Kumi, Charles Snow, Richard K. Lomotey, R. Deters",IEEE Access,2024,"Artificial Intelligence and Machine Learning (AI/ML) as analytical tools can be applied across multiple social domains. Thus, these tools are being deployed in several ways to address societal issues and concerns for “social good”. For instance, AI/ML has applicable use cases for crisis response, economic empowerment, educational demands, environmental challenges, equality and inclusion, health and hunger, and security and justice. In this work, we seek to explore the power and capability of AI/ML in understanding citizens’ engagement, which can improve governance and smart city deployment. Specifically, we studied the views expressed by online users about the city of Saskatoon in Canada. The analyzed views have become a value chain that community leaders can use to improve the governance structure of the city. In the study, we extracted 114,390 comments from Reddit (i.e., Saskatoon subreddit posts) between January 1, 2019, and September 20, 2023, to discover topics to highlight citizens’ concerns. We compare the performance of three major topic models, namely, Latent Dirichlet Allocation (LDA), Non-negative Matrix Factorization (NMF), and BERTopic with a K-means clustering algorithm in the discovery of topics from the collected Reddit comments. The BERTopic with the K-means clustering algorithm achieved the highest coherence score of approximately 0.64 in the extraction of 25 topics from the dataset. Our findings showed that BERTopic can discover coherent and diverse topics compared to LDA and NMF. We found 12 underlying themes by merging related topics. Also, we leveraged SiEBERT (a pre-trained transformer model), 4 supervised ML models, and VADER (a lexical sentiment analysis classifier) to identify the sentiments expressed in each theme. The SiEBERT model outperformed the other sentiment classifiers with an accuracy of 89% in the prediction of sentiments. The research discovered factors for smart city engagement such as Housing and Facilities, Education, Downtown Development, Tourism and Entertainment, Policing, Healthcare, Online Community, and Cost.",274709081,11,0,,
10.1007/s40860-024-00231-1,Surveying neuro-symbolic approaches for reliable artificial intelligence of things,"Zhen Lu, Imran Uddin Afridi, Hong Jin Kang, Ivan Ruchkin, Xi Zheng",Journal of Reliable Intelligent Environments,2024,"Abstract The integration of Artificial Intelligence (AI) with the Internet of Things (IoT), known as the Artificial Intelligence of Things (AIoT), enhances the devices’ processing and analysis capabilities and disrupts such sectors as healthcare, industry, and oil. However, AIoT’s complexity and scale are challenging for traditional machine learning (ML). Deep learning offers a solution but has limited testability, verifiability, and interpretability. In turn, the neuro-symbolic paradigm addresses these challenges by combining the robustness of symbolic AI with the flexibility of DL, enabling AI systems to reason, make decisions, and generalize knowledge from large datasets better. This paper reviews state-of-the-art DL models for IoT, identifies their limitations, and explores how neuro-symbolic methods can overcome them. It also discusses key challenges and research opportunities in enhancing AIoT reliability with neuro-symbolic approaches, including hard-coded symbolic AI, multimodal sensor data, biased interpretability, trading-off interpretability, and performance, complexity in integrating neural networks and symbolic AI, and ethical and societal challenges.",275153698,40,183,,
10.1007/s10462-024-10854-8,Explainable artificial intelligence (XAI) in finance: a systematic literature review,"Jurgita Černevičienė, Audrius Kabašinskas",Artificial Intelligence Review,2024,"Abstract As the range of decisions made by Artificial Intelligence (AI) expands, the need for Explainable AI (XAI) becomes increasingly critical. The reasoning behind the specific outcomes of complex and opaque financial models requires a thorough justification to improve risk assessment, minimise the loss of trust, and promote a more resilient and trustworthy financial ecosystem. This Systematic Literature Review (SLR) identifies 138 relevant articles from 2005 to 2022 and highlights empirical examples demonstrating XAI's potential benefits in the financial industry. We classified the articles according to the financial tasks addressed by AI using XAI, the variation in XAI methods between applications and tasks, and the development and application of new XAI methods. The most popular financial tasks addressed by the AI using XAI were credit management, stock price predictions, and fraud detection. The three most commonly employed AI black-box techniques in finance whose explainability was evaluated were Artificial Neural Networks (ANN), Extreme Gradient Boosting (XGBoost), and Random Forest. Most of the examined publications utilise feature importance, Shapley additive explanations (SHAP), and rule-based methods. In addition, they employ explainability frameworks that integrate multiple XAI techniques. We also concisely define the existing challenges, requirements, and unresolved issues in applying XAI in the financial sector.",275233959,118,210,,
10.1609/aaai.v34i05.6383,"Knowing What, How and Why: A Near Complete Solution for Aspect-based Sentiment Analysis","Haiyun Peng, Lu Xu, Lidong Bing, Fei Huang, Wei Lu, Luo Si",AAAI Conference on Artificial Intelligence,2019,"Target-based sentiment analysis or aspect-based sentiment analysis (ABSA) refers to addressing various sentiment analysis tasks at a fine-grained level, which includes but is not limited to aspect extraction, aspect sentiment classification, and opinion extraction. There exist many solvers of the above individual subtasks or a combination of two subtasks, and they can work together to tell a complete story, i.e. the discussed aspect, the sentiment on it, and the cause of the sentiment. However, no previous ABSA research tried to provide a complete solution in one shot. In this paper, we introduce a new subtask under ABSA, named aspect sentiment triplet extraction (ASTE). Particularly, a solver of this task needs to extract triplets (What, How, Why) from the inputs, which show WHAT the targeted aspects are, HOW their sentiment polarities are and WHY they have such polarities (i.e. opinion reasons). For instance, one triplet from “Waiters are very friendly and the pasta is simply average” could be (‘Waiters’, positive, ‘friendly’). We propose a two-stage framework to address this task. The first stage predicts what, how and why in a unified model, and then the second stage pairs up the predicted what (how) and why from the first stage to output triplets. In the experiments, our framework has set a benchmark performance in this novel triplet extraction task. Meanwhile, it outperforms a few strong baselines adapted from state-of-the-art related methods.",275995521,330,3,,
10.1145/3394486.3403172,LayoutLM: Pre-training of Text and Layout for Document Image Understanding,"Yiheng Xu, Minghao Li, Lei Cui, Shaohan Huang, Furu Wei, Ming Zhou",Knowledge Discovery and Data Mining,2019,"Pre-training techniques have been verified successfully in a variety of NLP tasks in recent years. Despite the widespread use of pre-training models for NLP applications, they almost exclusively focus on text-level manipulation, while neglecting layout and style information that is vital for document image understanding. In this paper, we propose the LayoutLM to jointly model interactions between text and layout information across scanned document images, which is beneficial for a great number of real-world document image understanding tasks such as information extraction from scanned documents. Furthermore, we also leverage image features to incorporate words' visual information into LayoutLM. To the best of our knowledge, this is the first time that text and layout are jointly learned in a single framework for document-level pre-training. It achieves new state-of-the-art results in several downstream tasks, including form understanding (from 70.72 to 79.27), receipt understanding (from 94.02 to 95.24) and document image classification (from 93.07 to 94.42). The code and pre-trained LayoutLM models are publicly available at https://aka.ms/layoutlm.",276052172,714,2,,
10.1108/cfri-02-2024-0079,Public attention and “Environmental Disclosure Greenwashing”: pressure from oversight or incentive from legitimacy,"Yiqiang Zhou, Lianghua Chen",China Finance Review International,2024,"PurposeThis study aims to investigate whether public attention influences corporate decisions on environmental disclosure, thereby revealing how society perceives and understands environmental issues and how corporations respond to these expectations.Design/methodology/approachWe selected publicly listed Chinese firms as our sample. An “Environmental Disclosure Greenwashing” (EDG) Index was developed through textual analysis of their annual reports using natural language processing. Financial data were obtained from the CSMAR database, and multivariate regression was used for analysis.FindingsThe impact of public attention on EDG primarily manifests as an oversight pressure effect rather than a legitimacy incentive effect. As public attention intensifies, firms tend to adopt more substantial environmental actions instead of merely symbolic environmental disclosures. Formal regulatory frameworks might inadvertently trigger corporate EDG, but public attention can correct the adverse effects possibly introduced by formal regulations. Notably, in firms facing lower institutional pressure, the influence of public attention is more pronounced.Practical implicationsThe evidence suggests that public attention reduces corporate EDG. These findings have significant implications for the regulation of environmental disclosures among firms in emerging economies.Originality/valueThe study integrates research in environmental disclosure with the concept of “greenwashing”, unveiling the limitations of the “disclosure as governance” viewpoint. It elucidates the impact of an informal external oversight mechanism (i.e. public attention) on complex corporate environmental disclosure decisions.",278185031,16,105,,
10.1109/iccv48922.2021.00103,DocFormer: End-to-End Transformer for Document Understanding,"Srikar Appalaraju, Bhavan A. Jasani, B. Kota, Yusheng Xie, R. Manmatha",IEEE International Conference on Computer Vision,2021,"We present DocFormer - a multi-modal transformer based architecture for the task of Visual Document Understanding (VDU). VDU is a challenging problem which aims to understand documents in their varied formats (forms, receipts etc.) and layouts. In addition, DocFormer is pre-trained in an unsupervised fashion using carefully designed tasks which encourage multi-modal interaction. DocFormer uses text, vision and spatial features and combines them using a novel multi-modal self-attention layer. DocFormer also shares learned spatial embeddings across modalities which makes it easy for the model to correlate text to visual tokens and vice versa. DocFormer is evaluated on 4 different datasets each with strong baselines. DocFormer achieves state-of-the-art results on all of them, sometimes beating models 4x its size (in no. of parameters).",278271023,348,59,,
10.48550/arxiv.2111.10097,Lexicon-based Methods vs. BERT for Text Sentiment Analysis,"Anastasia Kotelnikova, Danil Paschenko, Klavdiya Bochenina, Evgeny Kotelnikov",arXiv (Cornell University),2021,"The performance of sentiment analysis methods has greatly increased in recent years. This is due to the use of various models based on the Transformer architecture, in particular BERT. However, deep neural network models are difficult to train and poorly interpretable. An alternative approach is rule-based methods using sentiment lexicons. They are fast, require no training, and are well interpreted. But recently, due to the widespread use of deep learning, lexicon-based methods have receded into the background. The purpose of the article is to study the performance of the SO-CAL and SentiStrength lexicon-based methods, adapted for the Russian language. We have tested these methods, as well as the RuBERT neural network model, on 16 text corpora and have analyzed their results. RuBERT outperforms both lexicon-based methods on average, but SO-CAL surpasses RuBERT for four corpora out of 16.",278975974,0,0,,
10.1108/sampj-01-2024-0045,"Environmental, social and governance (ESG) performance and abnormal positive tone","Yang Xin, Jingwei Bao, Kezhen Zhang","Sustainability Accounting, Management and Policy Journal",2024,"
Purpose
The purpose of this study is to explore the relationship between environmental, social and governance (ESG) performance and tone management in the annual report. This is based on the notion that managers, driven by personal interests, may use their ESG accomplishments by using an abnormal positive tone to enhance their reputation or career prospects.


Design/methodology/approach
Using panel data from Chinese listed companies from 2010 to 2022, this study first investigates the relationship between ESG performance and abnormal tone management. The study then uncovers this relationship is mediated through the mechanisms of equity-based incentive and analyst coverage. The conclusions of this paper hold even after a series of robustness tests, such as propensity score matching, Heckman two-stage method and two-stage least squares with instrumental variables.


Findings
This study finds a positive correlation between ESG performance and the presence of abnormal positive tone in annual reports. Furthermore, the mechanistic analysis reveals that managers in companies with strong ESG performance are motivated to use an overly positive tone, largely due to their vested interests in equity-based compensation. Moreover, in an effort to alleviate the pressure stemming from heightened financial analyst coverage and enhance the impression conveyed through analysts' reports, managers with superior ESG performance also tend to inflate the tone within their annual reports.


Practical implications
This study provides significant insights into the ongoing dialogue surrounding ESG-related equity incentives, which incentivize managerial manipulation of stock prices through the use of abnormal positive tone. The findings call upon investors to exercise greater vigilance in examining narrative information in annual reports, as abnormally positive tones may not always faithfully represent performance but rather reflect managerial self-interest.


Social implications
There is an emphasis on the importance of robust oversight mechanisms within corporate governance bodies to curb the manipulation of tone for managers’ personal gain.


Originality/value
This study enhances the theoretical foundation of ESG studies, offering a holistic perspective on the intricate interplay among ESG performance, managerial behavior and financial markets, with potential implications for researchers, investors and regulators.
",279123070,12,173,,
10.1002/csr.3018,"Environmental, social, and governance evaluation for European small and medium enterprises: A multicriteria approach","Diana Barro, Marco Corazza, Gianni Filograsso",Corporate Social Responsibility and Environmental Management,2024,"The exposure to environmental, social, and governance (ESG) risks can be effectively measured by companies to identify opportunities for long‐term sustainable growth, along with the social and environmental impact. This process is crucial for listed small and medium‐sized enterprises (SMEs) wanting additional support in their ESG transition, and for European SMEs it will be required by the implementation of the Corporate Sustainability Reporting Directive (CSRD), starting from 2026. In this contribution, we propose to apply a multicriteria decision aiding approach to assess the sustainability profiles of SMEs. The methodology, which allows the measurements of a firm's ESG efforts (ESGness), is applied to a sample of European‐listed SMEs, controlling for potential sector‐specific effects, in order to understand what is the situation on the ESG front, and to identify ESG leaders and laggards. The model can provide valuable information for the firm, and for a broad spectrum of stakeholders, including policymakers and investors. The obtained rankings show some degree of robustness across different model parameterizations. The benefits of voluntary disclosure of sustainability information are investigated under a prudential scoring framework.",279804943,8,70,,
10.1002/bse.3995,Measuring sustainable transformation of small and medium-sized enterprises using management systems standards,"Raul Carlsson, Т. А. Невзорова",Business Strategy and the Environment,2024,"Small‐ and medium‐sized enterprises (SMEs) represent a significant number of industries in need of moving towards more sustainable development. A sustainability perspective on business activities is today crucial for SMEs to achieve a new level of competitiveness. Identifying which is a suitable set of sustainability indicators for an individual SME is a big challenge. The availability of so many methods and systems can leave SMEs reluctant to implement them in their small business. Therefore, this research aims to create a sustainability maturity model for SMEs to visualize goals and assess progress on their transformation journey. Progress is assessed by indicators, exemplified by indicators of the Global Reporting Initiative and the maturity is verified as stepwise growth along international management system standards. Using the developed model, it is possible to determine the SMEs' sustainability performance. The research has resulted in a stepwise classification of the organization's maturity is compiled into training and auditing material in different regions and sectors.",279864800,4,62,,
10.1007/s42495-022-00084-7,Publisher Correction: Effects of firm-level ESG performance on creditworthiness in Japanese listed companies,"Hiroaki Kambe, Masatoshi Tamamura",International Journal of Economic Policy Studies,2022,(missing abstract),280116292,3,21,,
10.3390/su16219270,Textual Attributes of Corporate Sustainability Reports and ESG Ratings,"Jie Huang, Derek Wang, Yiying Wang",Sustainability,2024,"While the textual attributes of corporate financial documents, such as annual reports, have been extensively analyzed in the academic literature, those of corporate sustainability reports, which serve as a critical channel for nonfinancial disclosure, are relatively under-explored. Given the increasing importance of Environmental, Social, and Governance (ESG) factors in corporate strategy and stakeholder evaluation, understanding the role of textual attributes in sustainability reporting is crucial. This study examines 10,021 hand-collected sustainability reports from Chinese firms between 2009 and 2021, focusing on six key textual attributes: length, readability, tone, boilerplate language, redundancy, and completeness. Using computational linguistics, we analyze how these attributes evolve over time and their impact on ESG ratings provided by both international (MSCI, FTSE) and domestic (SNSI) agencies. Our findings reveal that the length and completeness of sustainability reports significantly influence ESG scores across agencies, demonstrating a shared appreciation for detailed and transparent disclosures. However, international and domestic rating agencies exhibit differing responses to attributes like tone, boilerplate language, and redundancy. These differences highlight variations in evaluation standards, methodologies, and value orientations between global and local stakeholders. The results emphasize the need for firms to tailor their sustainability disclosures to meet diverse stakeholder expectations. This study contributes to the growing body of literature on nonfinancial reporting by providing empirical evidence on how specific textual characteristics of sustainability reports can shape ESG evaluations, offering insights for both corporate communicators and policymakers.",280223053,12,81,,
10.3390/math12213332,Nested Sentiment Analysis for ESG Impact: Leveraging FinBERT to Predict Market Dynamics Based on Eco-Friendly and Non-Eco-Friendly Product Perceptions with Explainable AI,"Aradhana Saxena, A. Santhanavijayan, H. Shakya, Gyanendra Kumar, B. Balusamy, Francesco Benedetto",Mathematics,2024,"In the current era, the environmental component of ESG is recognized as a major driver due to the pressing challenges posed by climate change, population growth, global warming, and shifting weather patterns. The environment must be considered a critical factor, and as evidenced by existing research, it is regarded as the dominant component within ESG. In this study, the ESG score is derived primarily from the environmental score. The increasing importance of the environmental, social, and governance (ESG) factors in financial markets, along with the growing need for sentiment analysis in sustainability, has necessitated the development of advanced sentiment analysis techniques. A predictive model has been introduced utilizing a nested sentiment analysis framework, which classifies sentiments towards eco-friendly and non-eco-friendly products, as well as positive and negative sentiments, using FinBERT. The model has been optimized with the AdamW optimizer, L2 regularization, and dropout to assess how sentiments related to these product types influence ESG metrics. The “black-box” nature of the model has been addressed through the application of explainable AI (XAI) to enhance its interpretability. The model demonstrated an accuracy of 91.76% in predicting ESG scores and 99% in sentiment classification. The integration of XAI improves the transparency of the model’s predictions, making it a valuable tool for decision-making in making sustainable investments. This research is aligned with the United Nations’ Sustainable Development Goals (SDG 12 and SDG 13), contributing to the promotion of sustainable practices and fostering improved market dynamics.",280323341,5,33,,
10.3390/electronics13091719,"Ontology-Driven Architecture for Managing Environmental, Social, and Governance Metrics","Mingqin Yu, F. Rabhi, M. Bandara",Electronics,2024,"The burgeoning significance of environmental, social, and governance (ESG) metrics in realms such as investment decision making, corporate reporting, and risk management underscores the imperative for a robust, comprehensive solution capable of effectively capturing, representing, and analysing the multifaceted and intricate ESG data landscape. Facing the challenge of aligning with diverse standards and utilising complex datasets, organisations require robust systems for the integration of ESG metrics with traditional financial reporting. Amidst this, the evolving regulatory landscape and the demand for transparency and stakeholder engagement present significant challenges, given the lack of standardized ESG metrics in certain areas. Recently, the use of ontology-driven architectures has gained attention for their ability to encapsulate domain knowledge and facilitate integration with decision-support systems. This paper proposes a knowledge graph in the ESG metric domain to assist corporations in cataloguing and navigating ESG reporting requirements, standards, and associated data. Employing a design science methodology, we developed an ontology that serves as both a conceptual foundation and a semantic layer, fostering the creation of an interoperable ESG Metrics Knowledge Graph (ESGMKG) and its integration within operational layers. This ontology-driven approach promises seamless integration with diverse ESG data sources and reporting frameworks, while addressing the critical challenges of metric selection, alignment, and data verification, supporting the dynamic nature of ESG metrics. The utility and effectiveness of the proposed ontology were demonstrated through a case study centred on the International Financial Reporting Standards (IFRS) framework that is widely used within the banking industry.",280947950,10,19,,
10.3390/bdcc8120167,Aspect-Based Sentiment Analysis of Patient Feedback Using Large Language Models,"Omer S. Alkhnbashi, Rasheed Mohammad, M. Hammoudeh",Big Data and Cognitive Computing,2024,"Online medical forums have emerged as vital platforms for patients to share their experiences and seek advice, providing a valuable, cost-effective source of feedback for medical service management. This feedback not only measures patient satisfaction and improves health service quality but also offers crucial insights into the effectiveness of medical treatments, pain management strategies, and alternative therapies. This study systematically identifies and categorizes key aspects of patient experiences, emphasizing both positive and negative sentiments expressed in their narratives. We collected a dataset of approximately 15,000 entries from various sections of the widely used medical forum, patient.info. Our innovative approach integrates content analysis with aspect-based sentiment analysis, deep learning techniques, and a large language model (LLM) to analyze these data. Our methodology is designed to uncover a wide range of aspect types reflected in patient feedback. The analysis revealed seven distinct aspect types prevalent in the feedback, demonstrating that deep learning models can effectively predict these aspect types and their corresponding sentiment values. Notably, the LLM with few-shot learning outperformed other models. Our findings enhance the understanding of patient experiences in online forums and underscore the utility of advanced analytical techniques in extracting meaningful insights from unstructured patient feedback, offering valuable implications for healthcare providers and medical service management.",281453441,3,76,,
10.48550/arxiv.2412.15093,Nano-ESG: Extracting Corporate Sustainability Information from News Articles,"Fabian Billert, Stefan Conrad",arXiv.org,2024,"Determining the sustainability impact of companies is a highly complex subject which has garnered more and more attention over the past few years. Today, investors largely rely on sustainability-ratings from established rating-providers in order to analyze how responsibly a company acts. However, those ratings have recently been criticized for being hard to understand and nearly impossible to reproduce. An independent way to find out about the sustainability practices of companies lies in the rich landscape of news article data. In this paper, we explore a different approach to identify key opportunities and challenges of companies in the sustainability domain. We present a novel dataset of more than 840,000 news articles which were gathered for major German companies between January 2023 and September 2024. By applying a mixture of Natural Language Processing techniques, we first identify relevant articles, before summarizing them and extracting their sustainability-related sentiment and aspect using Large Language Models (LLMs). Furthermore, we conduct an evaluation of the obtained data and determine that the LLM-produced answers are accurate. We release both datasets at https://github.com/Bailefan/Nano-ESG.",282523610,2,0,,
10.1002/ijfe.3096,The Disclosure Fog: Institutional Investors and Corporate Greenwashing,"Fumin Zhu, Haoyuan Fan, Zunxin Zheng",International Journal of Finance &amp; Economics,2025,"Corporate environmental, social, and governance (ESG) disclosure is often a superficial signal rather than something of substance and is an easily negligible form of greenwashing. Here, we explore the relationship between corporate disclosure greenwashing and institutional investors using data from Chinese listed heavily polluting firms from 2012 to 2021. We hypothesise and discover that while institutional investors encourage firms to publish social responsibility reports, they may actually discourage the use of sustainability‐related phrases in these reports. The findings hold even after performing several endogeneity and robustness tests. We also identify three mechanisms through which institutional investors influence corporate greenwashing: corporate governance, information transparency, and corporate operations. Additionally, pressure‐sensitive institutional investors are more likely to facilitate corporate greenwashing than pressure‐insensitive and pressure‐uncertain investors. However, after the Guidance on Building Green Financial System's implementation in 2016, the positive relationship between disclosure greenwashing and institutional investors has rapidly declined. The promotional effect of institutional investor‐induced greenwashing is also lower in state‐owned enterprises. Overall, our findings not only enrich the literature on institutional investors and corporate information disclosure but also have implications for improving the green financial system.",283419958,8,66,,
10.1109/cinti63048.2024.10830823,A Prototype System Using Causal Inference and Machine Learning Models to Estimate ESG Ratings for SMEs,Tsung-Nan Chou,International Symposium on Computational Intelligence and Informatics,2024,"Although numerous environmental, social, and governance (ESG) rating agencies exist globally, different organizations may employ distinct evaluation frameworks and methods, potentially leading to inconsistent or misleading ratings for a given company. Moreover, these rating agencies primarily focus on evaluating publicly listed large-cap companies, rendering their assessment approaches unsuitable for small and medium-sized enterprises (SMEs) that lack sufficient resources to support ESG evaluations. This study aims to develop an SME-specific ESG rating system that integrates both indirect and direct approaches. To facilitate responsible and reliable ESG evaluations, the indirect approach employs causal inference technique to identify the most relevant variables affecting ESG ratings in large listed companies. Subsequently, three machine learning-based predictive models are trained using this data, which are then applied to SMEs with a bridging strategy to derive their potential ESG ratings. The direct approach categorizes SMEs by industry and applies customized ESG performance indicators to assess their actual ESG ratings. Finally, the two rating results are integrated using a weighted formula, accompanied by the implementation of Microsoft Power BI's visualized and interactive features, to establish a transparent, explainable, and interpretable SME-specific ESG rating system.",283468785,0,9,,
10.48550/arxiv.2501.15720,ESGSenticNet: A Neurosymbolic Knowledge Base for Corporate Sustainability Analysis,"Keane Ong, Rui Mao, Frank Xing, Ranjan Satapathy, Johan Sulaeman, Erik Cambria, G. Mengaldo",arXiv.org,2025,"Evaluating corporate sustainability performance is essential to drive sustainable business practices, amid the need for a more sustainable economy. However, this is hindered by the complexity and volume of corporate sustainability data (i.e. sustainability disclosures), not least by the effectiveness of the NLP tools used to analyse them. To this end, we identify three primary challenges - immateriality, complexity, and subjectivity, that exacerbate the difficulty of extracting insights from sustainability disclosures. To address these issues, we introduce ESGSenticNet, a publicly available knowledge base for sustainability analysis. ESGSenticNet is constructed from a neurosymbolic framework that integrates specialised concept parsing, GPT-4o inference, and semi-supervised label propagation, together with a hierarchical taxonomy. This approach culminates in a structured knowledge base of 44k knowledge triplets - ('halve carbon emission', supports,'emissions control'), for effective sustainability analysis. Experiments indicate that ESGSenticNet, when deployed as a lexical method, more effectively captures relevant and actionable sustainability information from sustainability disclosures compared to state of the art baselines. Besides capturing a high number of unique ESG topic terms, ESGSenticNet outperforms baselines on the ESG relatedness and ESG action orientation of these terms by 26% and 31% respectively. These metrics describe the extent to which topic terms are related to ESG, and depict an action toward ESG. Moreover, when deployed as a lexical method, ESGSenticNet does not require any training, possessing a key advantage in its simplicity for non-technical stakeholders.",283973866,3,0,,
10.1002/bsd2.70038,Unveiling the blackbox within ESG ratings' blackbox: Toward a framework for analyzing AI adoption and its impacts,"Felipe Suárez Giri, Teresa Sánchez Chaparro",Business Strategy &amp; Development,2024,"Artificial intelligence (AI) is transforming entire industries at an unprecedented pace. Yet, established technology adoption theories offer limited tools for characterizing business AI integration and analyzing its effects. These primarily focus on the factors facilitating or hindering adoption, rather than on adoption patterns and impacts. This paper introduces a novel conceptual framework to address this key gap and applies it to the case of the ESG rating industry. ESG raters play a pivotal role in sustainable finance, providing metrics that guide investment decisions globally. However, little is known about the extent and nature of their AI usage and its implications. Through a mixed‐methods approach combining the analysis of job postings, patent filings, research publications, and corporate websites, we examine AI adoption among major ESG raters. Our investigation explores the specific AI technologies employed, their functional applications, the innovations developed, the intensity of AI integration, and the potential impacts of raters' AI adoption. Our results reveal widespread and growing AI adoption across the industry. Our findings show that raters extensively leverage Natural Language Processing to streamline data collection, processing, and analysis. Furthermore, they have pioneered Machine Learning innovations that significantly expand their sustainability assessment capabilities in various domains. These findings mark a considerable departure from prior academic and gray literature that characterized major ESG raters as having minimal AI use, prompting critical questions regarding the implications of this technological transformation for ESG ratings' reliability, transparency, and potential biases.",284019092,6,104,,
10.3390/su17041590,Credit Risk Assessment of Green Supply Chain Finance for SMEs Based on Multi-Source Information Fusion,"Huipo Wang, Liu Meng",Sustainability,2025,"As an important pillar of the national economy, the green transformation of SMEs is the key to promoting sustainable economic development. However, SMEs generally face issues such as information opacity and high operational risks, which make it difficult for them to obtain traditional financing support, thereby hindering green development. Green Supply Chain Finance has opened up new financing channels for SMEs, but the accuracy of credit risk evaluation remains a bottleneck that limits its widespread application. This paper constructs a credit risk evaluation index system that integrates multiple sources of information, covering factors such as the situations of SMEs themselves, stakeholder feedback, and expert ratings. It compares and analyzes the performance of the genetic algorithm-optimized random forest model (GA-RF), the BP neural network, the support vector machine, and the logistic regression model in credit risk evaluation. The empirical results indicate that the GA-RF model is significantly better than the other models in terms of accuracy, precision, and F1 score, and has the highest AUC value, making it more effective in identifying credit risk. In addition, the GA-RF model reveals that the asset–liability ratio, the time of establishment, the growth rate of operating revenue, the time of collection of accounts receivable, the return on net assets, and daily shipments are the key indicators affecting the credit risk assessment.",284108770,6,35,,
10.4018/979-8-3373-0117-4.ch007,Harnessing AI and Blockchain in Sustainability Assurance,K. Balaji,IGI Global eBooks,2025,"The integration of artificial intelligence (AI) and blockchain technology is revolutionizing sustainability assurance, setting new benchmarks for transparency, accuracy, and accountability. This article explores current trends and innovative applications of AI and blockchain in verifying corporate sustainability efforts, from automated data analysis to secure, decentralized record-keeping. By leveraging AI for real-time monitoring and data insights, organizations can better track environmental and social impacts, while blockchain ensures data integrity and traceability across supply chains. These advancements enhance stakeholder trust and support regulatory compliance, addressing increasing demands for robust sustainability verification in global markets. Furthermore, the paper discusses challenges such as data privacy and implementation costs, offering insights into the potential long-term impact of these technologies on corporate governance. By examining recent case studies and market trends, this article outlines a future where technology-driven assurance processes.",284550193,2,17,,
10.1007/s10462-022-10252-y,Survey on aspect detection for aspect-based sentiment analysis,"Maria Mihaela Truşcǎ, Flavius Frasincar",Artificial Intelligence Review,2022,"Sentiment analysis is an important tool to automatically understand the user-generated content on the Web. The most fine-grained sentiment analysis is concerned with the extraction and sentiment classification of aspects and has been extensively studied in recent years. In this work, we provide an overview of the first step in aspect-based sentiment analysis that assumes the extraction of opinion targets or aspects. We define a taxonomy for the extraction of aspects and present the most relevant works accordingly, with a focus on the most recent state-of-the-art methods. The three main classes we use to classify the methods designed for the detection of aspects are pattern-based, machine learning, and deep learning methods. Despite their differences, only a small number of works belong to a unique class of methods. All the introduced methods are ranked in terms of effectiveness. In the end, we highlight the main ideas that have led the research on this topic. Regarding future work, we deemed that the most promising research directions are the domain flexibility and the end-to-end approaches.",251912802,35,201,,
10.1007/s10690-025-09528-4,Nexus Between ESG Performance and Credit Risk in Chinese FinTech Companies,"Li Zeng, Wee‐Yeap Lau",Asia-Pacific Financial Markets,2025,(missing abstract),286108275,3,52,,
(missing DOI),"Pharos-ESG: A Framework for Multimodal Parsing, Contextual Narration, and Hierarchical Labeling of ESG Report","Yan Chen, Yu Zou, Jialei Zeng, Haoran You, Xiaorui Zhou, Aixi Zhong",arXiv (Cornell University),2025,"Environmental, Social, and Governance (ESG) principles are reshaping the foundations of global financial gover- nance, transforming capital allocation architectures, regu- latory frameworks, and systemic risk coordination mecha- nisms. However, as the core medium for assessing corpo- rate ESG performance, the ESG reports present significant challenges for large-scale understanding, due to chaotic read- ing order from slide-like irregular layouts and implicit hier- archies arising from lengthy, weakly structured content. To address these challenges, we propose Pharos-ESG, a uni- fied framework that transforms ESG reports into structured representations through multimodal parsing, contextual nar- ration, and hierarchical labeling. It integrates a reading-order modeling module based on layout flow, hierarchy-aware seg- mentation guided by table-of-contents anchors, and a multi- modal aggregation pipeline that contextually transforms vi- sual elements into coherent natural language. The framework further enriches its outputs with ESG, GRI, and sentiment labels, yielding annotations aligned with the analytical de- mands of financial research. Extensive experiments on anno- tated benchmarks demonstrate that Pharos-ESG consistently outperforms both dedicated document parsing systems and general-purpose multimodal models. In addition, we release Aurora-ESG, the first large-scale public dataset of ESG re- ports, spanning Mainland China, Hong Kong, and U.S. mar- kets, featuring unified structured representations of multi- modal content, enriched with fine-grained layout and seman- tic annotations to better support ESG integration in financial governance and decision-making.",292932593,0,31,,
10.48550/arxiv.2505.19430,Deriving Strategic Market Insights with Large Language Models: A Benchmark for Forward Counterfactual Generation,"Keane Ong, Rui Mao, Deeksha Varshney, Paul Pu Liang, Erik Cambria, G. Mengaldo",arXiv.org,2025,"Counterfactual reasoning typically involves considering alternatives to actual events. While often applied to understand past events, a distinct form-forward counterfactual reasoning-focuses on anticipating plausible future developments. This type of reasoning is invaluable in dynamic financial markets, where anticipating market developments can powerfully unveil potential risks and opportunities for stakeholders, guiding their decision-making. However, performing this at scale is challenging due to the cognitive demands involved, underscoring the need for automated solutions. LLMs offer promise, but remain unexplored for this application. To address this gap, we introduce a novel benchmark, FIN-FORCE-FINancial FORward Counterfactual Evaluation. By curating financial news headlines and providing structured evaluation, FIN-FORCE supports LLM based forward counterfactual generation. This paves the way for scalable and automated solutions for exploring and anticipating future market developments, thereby providing structured insights for decision-making. Through experiments on FIN-FORCE, we evaluate state-of-the-art LLMs and counterfactual generation methods, analyzing their limitations and proposing insights for future research. We release the benchmark, supplementary data and all experimental codes at the following link: https://github.com/keanepotato/fin_force",287806085,1,25,,
10.48550/arxiv.2506.01646,"ESGenius: Benchmarking LLMs on Environmental, Social, and Governance (ESG) and Sustainability Knowledge","Chaoyue He, Xin Zhou, Yi Wu, Xinjia Yu, Yan Zhang, Lei Zhang, Di Wang, Shengfei Lyu, Hong Xu, Xiaoqiao Wang, Wei Liu, C. Miao",arXiv.org,2025,"We introduce ESGenius, a comprehensive benchmark for evaluating and enhancing the proficiency of Large Language Models (LLMs) in Environmental, Social, and Governance (ESG) and sustainability-focused question answering. ESGenius comprises two key components: (i) ESGenius-QA, a collection of 1,136 Multiple-Choice Questions (MCQs) generated by LLMs and rigorously validated by domain experts, covering a broad range of ESG pillars and sustainability topics. Each question is systematically linked to its corresponding source text, enabling transparent evaluation and supporting Retrieval-Augmented Generation (RAG) methods; and (ii) ESGenius-Corpus, a meticulously curated repository of 231 foundational frameworks, standards, reports, and recommendation documents from 7 authoritative sources. Moreover, to fully assess the capabilities and adaptation potential of LLMs, we implement a rigorous two-stage evaluation protocol -- Zero-Shot and RAG. Extensive experiments across 50 LLMs (0.5B to 671B) demonstrate that state-of-the-art models achieve only moderate performance in zero-shot settings, with accuracies around 55--70%, highlighting a significant knowledge gap for LLMs in this specialized, interdisciplinary domain. However, models employing RAG demonstrate significant performance improvements, particularly for smaller models. For example, DeepSeek-R1-Distill-Qwen-14B improves from 63.82% (zero-shot) to 80.46% with RAG. These results demonstrate the necessity of grounding responses in authoritative sources for enhanced ESG understanding. To the best of our knowledge, ESGenius is the first comprehensive QA benchmark designed to rigorously evaluate LLMs on ESG and sustainability knowledge, providing a critical tool to advance trustworthy AI in this vital domain.",287876075,3,31,,
10.33476/jobs.v6i1.4836,"The Effect Gender, Tenure on Environmental Disclosure: Evidence in Indonesian","Emy Dwi Nursulistyo, Gustita Arnawati Putri",Jurnal Orientasi Bisnis dan Entrepreneurship (JOBS),2025,"Environmental sustainability is becoming an important issue for business purposes. This research explores the possible impact of gender and tenure on environmental disclose in Indonesia. Using 141 observation data for the period 2021-2023. This study found that female representation and the length of work experience of directors can influence environmental disclosure. Different from previous studies that examined financial factors, this study examines non-financial factors, namely board of directors diversity. This study contributes to the managerial implications offer a basis for companies to consider the presence of female representation and length of tenure on the board of directors to maintain stakeholder trust. This paper contributes to the existing literature by exploring the impact of female directors and tenure on the relationship with environmental disclose, offering an original perspective",288477957,0,28,,
10.1016/j.frl.2025.108690,Dual environmental regulation and corporate green transformation: How does digital leadership affect transformation effectiveness?,"Qian Li, Yunchao Cai, Yajie Qiao, Haili Tan",Finance Research Letters,2025,(missing abstract),292185170,2,41,,
